image,worker_id,gpu_id,ok,route_primary_skill,selected_skill,candidate_skill_ids,candidate_skill_count,selection_reason,selection_fallback,route_confidence,true_valence,true_arousal,direct_valence_score,direct_arousal_score,direct_valence,direct_arousal,skill_valence_score,skill_arousal_score,skill_valence,skill_arousal,skill_applicability,skill_minus_direct_valence_delta,skill_minus_direct_arousal_delta,direct_valence_delta,direct_arousal_delta,direct_abs_valence_delta,direct_abs_arousal_delta,direct_euclidean_distance,skill_valence_delta,skill_arousal_delta,skill_abs_valence_delta,skill_abs_arousal_delta,skill_euclidean_distance,direct_seconds,route_seconds,skill_seconds,error,parse_recovered,raw_error_output
/home/u1120250383/dcs/datasets/IAPS/Dataset/1026.jpg,,,True,evolved-fear-module,evolved-fear-module,"[""evolved-fear-module""]",1,Only one candidate skill analysis succeeded; using it as the final score.,True,0.95,,,5.0,5.0,0.5,0.5,3.5,7.0,0.3125,0.75,partial,-0.1875,0.25,,,,,,,,,,,30.291,3.251,22.056,,,
/home/u1120250383/dcs/datasets/IAPS/Dataset/1050.jpg,,,True,evolved-fear-module,evolved-fear-module,"[""evolved-fear-module""]",1,Only one candidate skill analysis succeeded; using it as the final score.,True,0.99,,,3.0,8.0,0.25,0.875,2.0,8.5,0.125,0.9375,strong,-0.125,0.0625,,,,,,,,,,,5.707,3.053,21.347,,,
/home/u1120250383/dcs/datasets/IAPS/Dataset/1080.jpg,,,True,evolved-fear-module,evolved-fear-module,"[""evolved-fear-module""]",1,Only one candidate skill analysis succeeded; using it as the final score.,True,0.98,,,5.0,5.0,0.5,0.5,3.0,6.5,0.25,0.6875,strong,-0.25,0.1875,,,,,,,,,,,6.078,3.475,19.244,,,
/home/u1120250383/dcs/datasets/IAPS/Dataset/1111.jpg,,,True,evolved-fear-module,evolved-fear-module,"[""evolved-fear-module""]",1,Only one candidate skill analysis succeeded; using it as the final score.,True,0.99,,,3.0,7.0,0.25,0.75,3.0,7.5,0.25,0.8125,partial,0.0,0.0625,,,,,,,,,,,6.069,3.206,20.535,,,
/home/u1120250383/dcs/datasets/IAPS/Dataset/1120.jpg,,,True,evolved-fear-module,evolved-fear-module,"[""evolved-fear-module""]",1,Only one candidate skill analysis succeeded; using it as the final score.,True,0.99,,,3.0,8.0,0.25,0.875,2.0,8.5,0.125,0.9375,strong,-0.125,0.0625,,,,,,,,,,,6.566,3.045,18.289,,,
/home/u1120250383/dcs/datasets/IAPS/Dataset/1201.jpg,,,True,evolved-fear-module,evolved-fear-module,"[""evolved-fear-module""]",1,Only one candidate skill analysis succeeded; using it as the final score.,True,0.99,,,4.5,6.5,0.4375,0.6875,3.0,6.5,0.25,0.6875,partial,-0.1875,0.0,,,,,,,,,,,6.884,3.12,21.368,,,
/home/u1120250383/dcs/datasets/IAPS/Dataset/1230.jpg,,,True,evolved-fear-module,evolved-fear-module,"[""evolved-fear-module""]",1,Only one candidate skill analysis succeeded; using it as the final score.,True,0.95,,,5.0,5.0,0.5,0.5,3.0,6.5,0.25,0.6875,partial,-0.25,0.1875,,,,,,,,,,,6.103,2.914,21.95,,,
/home/u1120250383/dcs/datasets/IAPS/Dataset/1274.jpg,,,True,evolved-fear-module,evolved-fear-module,"[""evolved-fear-module""]",1,Only one candidate skill analysis succeeded; using it as the final score.,True,0.99,,,5.0,5.0,0.5,0.5,2.0,6.5,0.125,0.6875,partial,-0.375,0.1875,,,,,,,,,,,5.305,3.334,21.856,,,
/home/u1120250383/dcs/datasets/IAPS/Dataset/1301.jpg,,,True,evolved-fear-module,evolved-fear-module,"[""evolved-fear-module""]",1,Only one candidate skill analysis succeeded; using it as the final score.,True,0.99,,,3.0,8.0,0.25,0.875,2.0,8.5,0.125,0.9375,strong,-0.125,0.0625,,,,,,,,,,,7.303,3.49,18.987,,,
/home/u1120250383/dcs/datasets/IAPS/Dataset/1310.jpg,,,True,pathogen-disgust,pathogen-disgust,"[""pathogen-disgust"", ""evolved-fear-module""]",2,"The image's primary psychological trigger is the visceral, unambiguous presence of blood and raw flesh, which directly activates the pathogen-disgust module. While the evolved-fear-module is also activated, the disgust response is more specific and dominant in this context, as the threat is not primarily about predatory aggression toward the viewer but about contamination from organic matter. The candidate's VA score is well-justified by the visual evidence of dense, wet blood and raw flesh being ingested, which strongly supports a high-disgust, high-arousal state.",False,0.99,,,3.0,8.0,0.25,0.875,2.0,7.5,0.125,0.8125,strong,-0.125,-0.0625,,,,,,,,,,,6.208,3.281,20.405,,,
/home/u1120250383/dcs/datasets/IAPS/Dataset/1340.jpg,,,True,cognitive-appraisal,cognitive-appraisal,"[""cognitive-appraisal""]",1,Only one candidate skill analysis succeeded; using it as the final score.,True,0.95,,,7.5,6.0,0.8125,0.625,7.5,5.5,0.8125,0.5625,strong,0.0,-0.0625,,,,,,,,,,,5.86,3.32,20.837,,,
/home/u1120250383/dcs/datasets/IAPS/Dataset/1419.jpg,,,True,cognitive-appraisal,cognitive-appraisal,"[""cognitive-appraisal""]",1,Only one candidate skill analysis succeeded; using it as the final score.,True,0.95,,,5.0,5.0,0.5,0.5,6.5,5.5,0.6875,0.5625,strong,0.1875,0.0625,,,,,,,,,,,6.043,3.261,19.467,,,
/home/u1120250383/dcs/datasets/IAPS/Dataset/1460.jpg,,,True,baby-schema,baby-schema,"[""baby-schema""]",1,Only one candidate skill analysis succeeded; using it as the final score.,True,0.98,,,6.5,5.5,0.6875,0.5625,6.5,5.5,0.6875,0.5625,strong,0.0,0.0,,,,,,,,,,,6.76,3.001,22.237,,,
/home/u1120250383/dcs/datasets/IAPS/Dataset/1510.jpg,,,True,no_specialized_skill,no_specialized_skill,[],0,"No specialized affective mechanism strongly visible; dog’s expression is neutral, no threat, novelty, or restorative context dominates.",False,0.99,,,7.0,6.0,0.75,0.625,7.0,6.0,0.75,0.625,,0.0,0.0,,,,,,,,,,,5.858,3.585,0.0,,,
/home/u1120250383/dcs/datasets/IAPS/Dataset/1590.jpg,,,True,no_specialized_skill,no_specialized_skill,[],0,"No specialized affective mechanism visibly dominant; calm, neutral horse in stable environment.",False,1.0,,,6.0,5.0,0.625,0.5,6.0,5.0,0.625,0.5,,0.0,0.0,,,,,,,,,,,5.273,3.065,0.0,,,
/home/u1120250383/dcs/datasets/IAPS/Dataset/1602.jpg,,,True,berlyne-arousal-pleasure,berlyne-arousal-pleasure,"[""berlyne-arousal-pleasure""]",1,Only one candidate skill analysis succeeded; using it as the final score.,True,0.9,,,7.0,5.0,0.75,0.5,7.5,6.5,0.8125,0.6875,strong,0.0625,0.1875,,,,,,,,,,,5.902,3.605,21.913,,,
/home/u1120250383/dcs/datasets/IAPS/Dataset/1610.jpg,,,True,baby-schema,baby-schema,"[""baby-schema""]",1,Only one candidate skill analysis succeeded; using it as the final score.,True,0.95,,,7.0,5.0,0.75,0.5,6.5,5.0,0.6875,0.5,strong,-0.0625,0.0,,,,,,,,,,,6.725,3.147,23.434,,,
/home/u1120250383/dcs/datasets/IAPS/Dataset/1630.jpg,,,True,baby-schema,baby-schema,"[""baby-schema""]",1,Only one candidate skill analysis succeeded; using it as the final score.,True,0.98,,,7.5,5.5,0.8125,0.5625,7.5,5.5,0.8125,0.5625,strong,0.0,0.0,,,,,,,,,,,6.391,3.206,24.43,,,
/home/u1120250383/dcs/datasets/IAPS/Dataset/1659.jpg,,,True,cognitive-appraisal,cognitive-appraisal,"[""cognitive-appraisal""]",1,Only one candidate skill analysis succeeded; using it as the final score.,True,0.9,,,5.0,5.0,0.5,0.5,5.0,5.0,0.5,0.5,strong,0.0,0.0,,,,,,,,,,,5.677,3.653,23.225,,,
/home/u1120250383/dcs/datasets/IAPS/Dataset/1675.jpg,,,True,cognitive-appraisal,evolved-fear-module,"[""cognitive-appraisal"", ""evolved-fear-module""]",2,"The image depicts large, imposing musk oxen with direct orientation and close proximity, which strongly activates the evolved fear module due to perceived threat potential. The cognitive-appraisal analysis is less focused on the innate, automatic threat response that the fear module is designed to capture. The fear module's score (4.0 valence, 6.5 arousal) is more directly grounded in the visual cues of threat morphology, proximity, and lack of safety cues, which are core to the fear module's function.",False,0.9,,,5.0,5.0,0.5,0.5,4.0,6.5,0.375,0.6875,partial,-0.125,0.1875,,,,,,,,,,,5.296,3.556,19.87,,,
/home/u1120250383/dcs/datasets/IAPS/Dataset/1722.jpg,,,True,baby-schema,baby-schema,"[""baby-schema""]",1,Only one candidate skill analysis succeeded; using it as the final score.,True,0.98,,,5.0,5.0,0.5,0.5,6.5,5.0,0.6875,0.5,strong,0.1875,0.0,,,,,,,,,,,5.844,3.311,23.098,,,
/home/u1120250383/dcs/datasets/IAPS/Dataset/1750.jpg,,,True,baby-schema,baby-schema,"[""baby-schema""]",1,Only one candidate skill analysis succeeded; using it as the final score.,True,0.95,,,7.0,5.0,0.75,0.5,7.5,4.5,0.8125,0.4375,strong,0.0625,-0.0625,,,,,,,,,,,5.079,3.213,22.7,,,
/home/u1120250383/dcs/datasets/IAPS/Dataset/1820.jpg,,,True,evolved-fear-module,evolved-fear-module,"[""evolved-fear-module""]",1,Only one candidate skill analysis succeeded; using it as the final score.,True,0.99,,,3.0,7.0,0.25,0.75,2.0,8.5,0.125,0.9375,strong,-0.125,0.1875,,,,,,,,,,,7.855,3.245,21.033,,,
/home/u1120250383/dcs/datasets/IAPS/Dataset/1908.jpg,,,True,no_specialized_skill,no_specialized_skill,[],0,"No specialized affective mechanism visibly dominant; jellyfish are neutral stimuli without threat, novelty, or restorative context.",False,1.0,,,7.0,5.0,0.75,0.5,7.0,5.0,0.75,0.5,,0.0,0.0,,,,,,,,,,,5.533,2.956,0.0,,,
/home/u1120250383/dcs/datasets/IAPS/Dataset/1931.jpg,,,True,evolved-fear-module,evolved-fear-module,"[""evolved-fear-module""]",1,Only one candidate skill analysis succeeded; using it as the final score.,True,0.99,,,3.0,7.0,0.25,0.75,2.0,8.5,0.125,0.9375,strong,-0.125,0.1875,,,,,,,,,,,5.881,3.2,21.01,,,
/home/u1120250383/dcs/datasets/IAPS/Dataset/1945.jpg,,,True,pathogen-disgust,pathogen-disgust,"[""pathogen-disgust""]",1,Only one candidate skill analysis succeeded; using it as the final score.,True,0.9,,,5.0,5.0,0.5,0.5,2.5,6.5,0.1875,0.6875,strong,-0.3125,0.1875,,,,,,,,,,,6.128,3.136,20.384,,,
/home/u1120250383/dcs/datasets/IAPS/Dataset/2002.jpg,,,True,no_specialized_skill,no_specialized_skill,[],0,"Neutral face, no visible body language, context, or specialized cues. Arousal/valence ambiguous.",False,0.9,,,6.0,5.0,0.625,0.5,6.0,5.0,0.625,0.5,,0.0,0.0,,,,,,,,,,,5.546,3.304,0.0,,,
/home/u1120250383/dcs/datasets/IAPS/Dataset/2019.jpg,,,True,cognitive-appraisal,cognitive-appraisal,"[""cognitive-appraisal""]",1,Only one candidate skill analysis succeeded; using it as the final score.,True,0.8,,,5.0,5.0,0.5,0.5,5.0,5.0,0.5,0.5,partial,0.0,0.0,,,,,,,,,,,5.864,3.25,23.938,,,
/home/u1120250383/dcs/datasets/IAPS/Dataset/2030.jpg,,,True,kaplan-art-restoration,kaplan-art-restoration,"[""kaplan-art-restoration""]",1,Only one candidate skill analysis succeeded; using it as the final score.,True,0.95,,,8.0,6.0,0.875,0.625,7.5,4.5,0.8125,0.4375,strong,-0.0625,-0.1875,,,,,,,,,,,6.105,3.526,22.715,,,
/home/u1120250383/dcs/datasets/IAPS/Dataset/2036.jpg,,,True,cognitive-appraisal,cognitive-appraisal,"[""cognitive-appraisal""]",1,Only one candidate skill analysis succeeded; using it as the final score.,True,0.9,,,6.5,5.5,0.6875,0.5625,6.0,5.0,0.625,0.5,strong,-0.0625,-0.0625,,,,,,,,,,,5.846,3.069,18.979,,,
/home/u1120250383/dcs/datasets/IAPS/Dataset/2040.jpg,,,True,baby-schema,baby-schema,"[""baby-schema""]",1,Only one candidate skill analysis succeeded; using it as the final score.,True,0.98,,,7.5,5.5,0.8125,0.5625,7.5,5.0,0.8125,0.5,strong,0.0,-0.0625,,,,,,,,,,,5.437,3.222,22.878,,,
/home/u1120250383/dcs/datasets/IAPS/Dataset/2054.jpg,,,True,emotional-body-language,emotional-body-language,"[""emotional-body-language""]",1,Only one candidate skill analysis succeeded; using it as the final score.,True,0.95,,,7.0,6.0,0.75,0.625,8.0,7.0,0.875,0.75,strong,0.125,0.125,,,,,,,,,,,5.013,3.262,17.55,,,
/home/u1120250383/dcs/datasets/IAPS/Dataset/2058.jpg,,,True,baby-schema,baby-schema,"[""baby-schema""]",1,Only one candidate skill analysis succeeded; using it as the final score.,True,0.98,,,7.0,5.0,0.75,0.5,7.5,5.0,0.8125,0.5,strong,0.0625,0.0,,,,,,,,,,,5.348,3.01,22.689,,,
/home/u1120250383/dcs/datasets/IAPS/Dataset/2075.jpg,,,True,baby-schema,baby-schema,"[""baby-schema""]",1,Only one candidate skill analysis succeeded; using it as the final score.,True,0.98,,,7.0,4.0,0.75,0.375,7.5,4.5,0.8125,0.4375,strong,0.0625,0.0625,,,,,,,,,,,5.898,3.186,21.103,,,
/home/u1120250383/dcs/datasets/IAPS/Dataset/2095.jpg,,,True,pathogen-disgust,pathogen-disgust,"[""pathogen-disgust""]",1,Only one candidate skill analysis succeeded; using it as the final score.,True,0.98,,,2.0,7.0,0.125,0.75,2.0,7.5,0.125,0.8125,strong,0.0,0.0625,,,,,,,,,,,5.524,3.407,20.344,,,
/home/u1120250383/dcs/datasets/IAPS/Dataset/2104.jpg,,,True,cognitive-appraisal,cognitive-appraisal,"[""cognitive-appraisal""]",1,Only one candidate skill analysis succeeded; using it as the final score.,True,0.8,,,5.0,5.0,0.5,0.5,5.0,5.0,0.5,0.5,partial,0.0,0.0,,,,,,,,,,,5.498,3.543,19.693,,,
/home/u1120250383/dcs/datasets/IAPS/Dataset/2120.jpg,,,True,cognitive-appraisal,cognitive-appraisal,"[""cognitive-appraisal""]",1,Only one candidate skill analysis succeeded; using it as the final score.,True,0.99,,,2.0,8.0,0.125,0.875,2.0,8.5,0.125,0.9375,strong,0.0,0.0625,,,,,,,,,,,5.635,3.387,23.998,,,
/home/u1120250383/dcs/datasets/IAPS/Dataset/2150.jpg,,,True,baby-schema,baby-schema,"[""baby-schema""]",1,Only one candidate skill analysis succeeded; using it as the final score.,True,0.98,,,8.0,4.0,0.875,0.375,7.5,4.5,0.8125,0.4375,strong,-0.0625,0.0625,,,,,,,,,,,6.145,3.311,21.156,,,
/home/u1120250383/dcs/datasets/IAPS/Dataset/2154.jpg,,,True,cognitive-appraisal,cognitive-appraisal,"[""cognitive-appraisal""]",1,Only one candidate skill analysis succeeded; using it as the final score.,True,0.98,,,7.5,6.0,0.8125,0.625,8.0,5.0,0.875,0.5,strong,0.0625,-0.125,,,,,,,,,,,6.055,3.472,19.919,,,
/home/u1120250383/dcs/datasets/IAPS/Dataset/2160.jpg,,,True,baby-schema,baby-schema,"[""baby-schema""]",1,Only one candidate skill analysis succeeded; using it as the final score.,True,0.98,,,7.0,5.0,0.75,0.5,7.0,4.5,0.75,0.4375,strong,0.0,-0.0625,,,,,,,,,,,5.459,2.946,20.684,,,
/home/u1120250383/dcs/datasets/IAPS/Dataset/2191.jpg,,,True,cognitive-appraisal,cognitive-appraisal,"[""cognitive-appraisal""]",1,Only one candidate skill analysis succeeded; using it as the final score.,True,0.9,,,6.0,5.0,0.625,0.5,6.5,5.0,0.6875,0.5,strong,0.0625,0.0,,,,,,,,,,,5.418,3.36,21.049,,,
/home/u1120250383/dcs/datasets/IAPS/Dataset/2208.jpg,,,True,cognitive-appraisal,cognitive-appraisal,"[""cognitive-appraisal""]",1,Only one candidate skill analysis succeeded; using it as the final score.,True,0.95,,,6.5,7.0,0.6875,0.75,7.0,7.0,0.75,0.75,strong,0.0625,0.0,,,,,,,,,,,6.957,3.261,18.495,,,
/home/u1120250383/dcs/datasets/IAPS/Dataset/2214.jpg,,,True,no_specialized_skill,no_specialized_skill,[],0,Neutral portrait with no visible specialized affective mechanisms.,False,1.0,,,6.0,5.0,0.625,0.5,6.0,5.0,0.625,0.5,,0.0,0.0,,,,,,,,,,,5.463,2.477,0.0,,,
/home/u1120250383/dcs/datasets/IAPS/Dataset/2220.jpg,,,True,cognitive-appraisal,cognitive-appraisal,"[""cognitive-appraisal""]",1,Only one candidate skill analysis succeeded; using it as the final score.,True,0.9,,,5.0,5.0,0.5,0.5,3.0,7.0,0.25,0.75,partial,-0.25,0.25,,,,,,,,,,,5.541,3.472,17.815,,,
/home/u1120250383/dcs/datasets/IAPS/Dataset/2230.jpg,,,True,cognitive-appraisal,cognitive-appraisal,"[""cognitive-appraisal""]",1,Only one candidate skill analysis succeeded; using it as the final score.,True,0.9,,,4.5,6.0,0.4375,0.625,4.0,7.0,0.375,0.75,partial,-0.0625,0.125,,,,,,,,,,,6.375,3.374,20.562,,,
/home/u1120250383/dcs/datasets/IAPS/Dataset/2260.jpg,,,True,baby-schema,baby-schema,"[""baby-schema""]",1,Only one candidate skill analysis succeeded; using it as the final score.,True,0.98,,,6.5,5.5,0.6875,0.5625,6.5,5.0,0.6875,0.5,strong,0.0,-0.0625,,,,,,,,,,,5.927,3.065,19.299,,,
/home/u1120250383/dcs/datasets/IAPS/Dataset/2273.jpg,,,True,cognitive-appraisal,cognitive-appraisal,"[""cognitive-appraisal""]",1,Only one candidate skill analysis succeeded; using it as the final score.,True,0.8,,,5.0,5.0,0.5,0.5,5.0,5.0,0.5,0.5,partial,0.0,0.0,,,,,,,,,,,5.969,3.504,17.464,,,
/home/u1120250383/dcs/datasets/IAPS/Dataset/2279.jpg,,,True,no_specialized_skill,no_specialized_skill,[],0,"Neutral facial expression, no visible arousal or valence cues beyond routine dental context.",False,1.0,,,6.0,5.0,0.625,0.5,6.0,5.0,0.625,0.5,,0.0,0.0,,,,,,,,,,,6.01,2.692,0.0,,,
/home/u1120250383/dcs/datasets/IAPS/Dataset/2301.jpg,,,True,cognitive-appraisal,cognitive-appraisal,"[""cognitive-appraisal""]",1,Only one candidate skill analysis succeeded; using it as the final score.,True,0.95,,,3.0,6.0,0.25,0.625,2.5,7.5,0.1875,0.8125,strong,-0.0625,0.1875,,,,,,,,,,,5.945,3.38,22.036,,,
/home/u1120250383/dcs/datasets/IAPS/Dataset/2305.jpg,,,True,cognitive-appraisal,cognitive-appraisal,"[""cognitive-appraisal""]",1,Only one candidate skill analysis succeeded; using it as the final score.,True,0.8,,,5.0,5.0,0.5,0.5,5.0,5.0,0.5,0.5,partial,0.0,0.0,,,,,,,,,,,5.524,3.3,15.581,,,
/home/u1120250383/dcs/datasets/IAPS/Dataset/2310.jpg,,,True,baby-schema,baby-schema,"[""baby-schema""]",1,Only one candidate skill analysis succeeded; using it as the final score.,True,0.98,,,7.5,4.5,0.8125,0.4375,7.5,4.5,0.8125,0.4375,strong,0.0,0.0,,,,,,,,,,,6.072,3.191,19.504,,,
/home/u1120250383/dcs/datasets/IAPS/Dataset/2320.jpg,,,True,cognitive-appraisal,cognitive-appraisal,"[""cognitive-appraisal""]",1,Only one candidate skill analysis succeeded; using it as the final score.,True,0.9,,,6.0,5.0,0.625,0.5,6.0,5.0,0.625,0.5,strong,0.0,0.0,,,,,,,,,,,6.43,3.507,18.823,,,
/home/u1120250383/dcs/datasets/IAPS/Dataset/2340.jpg,,,True,cognitive-appraisal,cognitive-appraisal,"[""cognitive-appraisal"", ""baby-schema""]",2,"The image's affect is best explained by the cognitive-appraisal skill, which captures the clear caregiving context, agency, and goal congruence (safety, bonding) driving the high valence. The baby-schema skill is applicable but secondary, as the primary affect stems from the interaction's meaning and the adult's emotional response, not infantile features alone.",False,0.98,,,8.0,6.0,0.875,0.625,8.0,5.0,0.875,0.5,strong,0.0,-0.125,,,,,,,,,,,6.05,3.207,18.956,,,
/home/u1120250383/dcs/datasets/IAPS/Dataset/2344.jpg,,,True,cognitive-appraisal,cognitive-appraisal,"[""cognitive-appraisal""]",1,Only one candidate skill analysis succeeded; using it as the final score.,True,0.95,,,3.0,5.0,0.25,0.5,3.0,6.0,0.25,0.625,strong,0.0,0.125,,,,,,,,,,,5.805,3.41,18.328,,,
/home/u1120250383/dcs/datasets/IAPS/Dataset/2351.jpg,,,True,baby-schema,baby-schema,"[""baby-schema""]",1,Only one candidate skill analysis succeeded; using it as the final score.,True,0.98,,,7.0,5.0,0.75,0.5,7.5,4.5,0.8125,0.4375,strong,0.0625,-0.0625,,,,,,,,,,,5.959,3.209,21.679,,,
/home/u1120250383/dcs/datasets/IAPS/Dataset/2357.jpg,,,True,kaplan-art-restoration,kaplan-art-restoration,"[""kaplan-art-restoration""]",1,Only one candidate skill analysis succeeded; using it as the final score.,True,0.9,,,5.0,5.0,0.5,0.5,6.5,3.5,0.6875,0.3125,strong,0.1875,-0.1875,,,,,,,,,,,5.121,3.403,20.898,,,
/home/u1120250383/dcs/datasets/IAPS/Dataset/2362.jpg,,,True,no_specialized_skill,no_specialized_skill,[],0,No specialized affective mechanism dominates; face and context are clear but lack specialized cues.,False,1.0,,,7.0,5.0,0.75,0.5,7.0,5.0,0.75,0.5,,0.0,0.0,,,,,,,,,,,5.165,3.066,0.0,,,
/home/u1120250383/dcs/datasets/IAPS/Dataset/2374.jpg,,,True,kaplan-art-restoration,kaplan-art-restoration,"[""kaplan-art-restoration""]",1,Only one candidate skill analysis succeeded; using it as the final score.,True,0.95,,,7.0,4.0,0.75,0.375,7.0,4.0,0.75,0.375,strong,0.0,0.0,,,,,,,,,,,6.184,3.412,21.558,,,
/home/u1120250383/dcs/datasets/IAPS/Dataset/2381.jpg,,,True,emotional-body-language,emotional-body-language,"[""emotional-body-language""]",1,Only one candidate skill analysis succeeded; using it as the final score.,True,0.9,,,5.0,5.0,0.5,0.5,5.0,5.0,0.5,0.5,strong,0.0,0.0,,,,,,,,,,,5.915,3.277,18.235,,,
/home/u1120250383/dcs/datasets/IAPS/Dataset/2385.jpg,,,True,no_specialized_skill,no_specialized_skill,[],0,"Face visible, no direct specialized mechanism dominates.",False,1.0,,,5.0,5.0,0.5,0.5,5.0,5.0,0.5,0.5,,0.0,0.0,,,,,,,,,,,5.933,2.647,0.0,,,
/home/u1120250383/dcs/datasets/IAPS/Dataset/2390.jpg,,,True,cognitive-appraisal,cognitive-appraisal,"[""cognitive-appraisal""]",1,Only one candidate skill analysis succeeded; using it as the final score.,True,0.95,,,6.0,5.0,0.625,0.5,5.5,5.0,0.5625,0.5,strong,-0.0625,0.0,,,,,,,,,,,5.892,3.377,23.838,,,
/home/u1120250383/dcs/datasets/IAPS/Dataset/2394.jpg,,,True,cognitive-appraisal,cognitive-appraisal,"[""cognitive-appraisal""]",1,Only one candidate skill analysis succeeded; using it as the final score.,True,0.9,,,5.0,5.0,0.5,0.5,5.0,5.0,0.5,0.5,strong,0.0,0.0,,,,,,,,,,,5.008,3.037,19.53,,,
/home/u1120250383/dcs/datasets/IAPS/Dataset/2398.jpg,,,True,cognitive-appraisal,cognitive-appraisal,"[""cognitive-appraisal""]",1,Only one candidate skill analysis succeeded; using it as the final score.,True,0.9,,,7.0,6.0,0.75,0.625,7.5,6.0,0.8125,0.625,strong,0.0625,0.0,,,,,,,,,,,6.086,3.379,19.514,,,
/home/u1120250383/dcs/datasets/IAPS/Dataset/2411.jpg,,,True,no_specialized_skill,no_specialized_skill,[],0,Neutral scene with no strong affective mechanism visible.,False,1.0,,,5.0,5.0,0.5,0.5,5.0,5.0,0.5,0.5,,0.0,0.0,,,,,,,,,,,5.677,2.456,0.0,,,
/home/u1120250383/dcs/datasets/IAPS/Dataset/2442.jpg,,,True,cognitive-appraisal,cognitive-appraisal,"[""cognitive-appraisal""]",1,Only one candidate skill analysis succeeded; using it as the final score.,True,0.8,,,6.0,6.0,0.625,0.625,5.5,5.5,0.5625,0.5625,partial,-0.0625,-0.0625,,,,,,,,,,,5.572,3.624,17.426,,,
/home/u1120250383/dcs/datasets/IAPS/Dataset/2456.jpg,,,True,cognitive-appraisal,cognitive-appraisal,"[""cognitive-appraisal""]",1,Only one candidate skill analysis succeeded; using it as the final score.,True,0.98,,,3.0,7.0,0.25,0.75,3.5,7.5,0.3125,0.8125,strong,0.0625,0.0625,,,,,,,,,,,6.039,3.322,23.374,,,
/home/u1120250383/dcs/datasets/IAPS/Dataset/2484.jpg,,,True,cognitive-appraisal,cognitive-appraisal,"[""cognitive-appraisal""]",1,Only one candidate skill analysis succeeded; using it as the final score.,True,0.9,,,5.0,5.0,0.5,0.5,5.0,5.0,0.5,0.5,partial,0.0,0.0,,,,,,,,,,,5.126,3.369,21.59,,,
/home/u1120250383/dcs/datasets/IAPS/Dataset/2489.jpg,,,True,cognitive-appraisal,cognitive-appraisal,"[""cognitive-appraisal""]",1,Only one candidate skill analysis succeeded; using it as the final score.,True,0.9,,,7.0,7.0,0.75,0.75,7.0,7.0,0.75,0.75,strong,0.0,0.0,,,,,,,,,,,5.439,3.152,20.206,,,
/home/u1120250383/dcs/datasets/IAPS/Dataset/2495.jpg,,,True,cognitive-appraisal,cognitive-appraisal,"[""cognitive-appraisal""]",1,Only one candidate skill analysis succeeded; using it as the final score.,True,0.8,,,5.0,5.0,0.5,0.5,5.0,5.0,0.5,0.5,partial,0.0,0.0,,,,,,,,,,,4.954,3.248,21.833,,,
/home/u1120250383/dcs/datasets/IAPS/Dataset/2506.jpg,,,True,no_specialized_skill,no_specialized_skill,[],0,"Neutral face, no visible threat, novelty, or environmental cues for specialized affective mechanisms.",False,1.0,,,7.0,5.0,0.75,0.5,7.0,5.0,0.75,0.5,,0.0,0.0,,,,,,,,,,,6.021,2.749,0.0,,,
/home/u1120250383/dcs/datasets/IAPS/Dataset/2513.jpg,,,True,no_specialized_skill,no_specialized_skill,[],0,Neutral portrait with no visible specialized affective mechanisms or context-dependent stakes.,False,1.0,,,6.0,5.0,0.625,0.5,6.0,5.0,0.625,0.5,,0.0,0.0,,,,,,,,,,,5.726,2.653,0.0,,,
/home/u1120250383/dcs/datasets/IAPS/Dataset/2518.jpg,,,True,kaplan-art-restoration,kaplan-art-restoration,"[""kaplan-art-restoration""]",1,Only one candidate skill analysis succeeded; using it as the final score.,True,0.9,,,5.0,5.0,0.5,0.5,6.5,4.0,0.6875,0.375,strong,0.1875,-0.125,,,,,,,,,,,5.553,3.346,24.138,,,
/home/u1120250383/dcs/datasets/IAPS/Dataset/2530.jpg,,,True,cognitive-appraisal,cognitive-appraisal,"[""cognitive-appraisal""]",1,Only one candidate skill analysis succeeded; using it as the final score.,True,0.95,,,8.0,5.0,0.875,0.5,8.0,5.0,0.875,0.5,strong,0.0,0.0,,,,,,,,,,,5.633,3.421,19.375,,,
/home/u1120250383/dcs/datasets/IAPS/Dataset/2570.jpg,,,True,cognitive-appraisal,emotional-body-language,"[""cognitive-appraisal"", ""emotional-body-language""]",2,"The analysis correctly focuses on the visible body language cues (posture, facial expression, limb configuration) to infer affect, which is the core of this skill. The cognitive-appraisal analysis incorrectly attempts to infer abstract constructs like 'goal congruence' and 'agency' without sufficient contextual evidence, making it less appropriate for this image. The emotional-body-language analysis provides a more direct and grounded interpretation of the visible affective state.",False,0.9,,,4.5,5.0,0.4375,0.5,4.0,5.0,0.375,0.5,strong,-0.0625,0.0,,,,,,,,,,,5.918,3.212,20.095,,,
/home/u1120250383/dcs/datasets/IAPS/Dataset/2590.jpg,,,True,cognitive-appraisal,cognitive-appraisal,"[""cognitive-appraisal""]",1,Only one candidate skill analysis succeeded; using it as the final score.,True,0.9,,,5.0,5.0,0.5,0.5,5.0,5.0,0.5,0.5,strong,0.0,0.0,,,,,,,,,,,6.936,3.504,22.366,,,
/home/u1120250383/dcs/datasets/IAPS/Dataset/2597.jpg,,,True,cognitive-appraisal,cognitive-appraisal,"[""cognitive-appraisal""]",1,Only one candidate skill analysis succeeded; using it as the final score.,True,0.9,,,5.0,5.0,0.5,0.5,5.0,5.0,0.5,0.5,strong,0.0,0.0,,,,,,,,,,,5.313,3.177,20.899,,,
/home/u1120250383/dcs/datasets/IAPS/Dataset/2606.jpg,,,True,emotional-body-language,emotional-body-language,"[""emotional-body-language""]",1,Only one candidate skill analysis succeeded; using it as the final score.,True,0.95,,,6.0,8.0,0.625,0.875,7.0,8.5,0.75,0.9375,strong,0.125,0.0625,,,,,,,,,,,6.602,3.141,18.276,,,
/home/u1120250383/dcs/datasets/IAPS/Dataset/2635.jpg,,,True,cognitive-appraisal,cognitive-appraisal,"[""cognitive-appraisal""]",1,Only one candidate skill analysis succeeded; using it as the final score.,True,0.9,,,5.0,5.0,0.5,0.5,4.5,6.5,0.4375,0.6875,strong,-0.0625,0.1875,,,,,,,,,,,5.536,3.217,20.953,,,
/home/u1120250383/dcs/datasets/IAPS/Dataset/2661.jpg,,,True,baby-schema,baby-schema,"[""baby-schema"", ""cognitive-appraisal""]",2,"The infant's morphology is clearly visible and central to the image, and the baby-schema is the most directly applicable skill for analyzing affective response to infantile features. The medical context and distress cues are acknowledged but do not negate the skill's applicability; the candidate's VA score of 3.5/7.5 is justified by the visible evidence of distress overriding the schema. The cognitive-appraisal candidate misrepresents the scene by ignoring the infant's clear distress and medical vulnerability, leading to an inappropriate neutral-moderate VA score.",False,0.95,,,5.0,7.0,0.5,0.75,3.5,7.5,0.3125,0.8125,partial,-0.1875,0.0625,,,,,,,,,,,6.599,3.284,17.845,,,
/home/u1120250383/dcs/datasets/IAPS/Dataset/2688.jpg,,,True,cognitive-appraisal,cognitive-appraisal,"[""cognitive-appraisal""]",1,Only one candidate skill analysis succeeded; using it as the final score.,True,0.99,,,3.0,7.0,0.25,0.75,3.0,8.0,0.25,0.875,strong,0.0,0.125,,,,,,,,,,,5.589,3.633,21.313,,,
/home/u1120250383/dcs/datasets/IAPS/Dataset/2694.jpg,,,True,cognitive-appraisal,cognitive-appraisal,"[""cognitive-appraisal""]",1,Only one candidate skill analysis succeeded; using it as the final score.,True,0.99,,,3.0,7.0,0.25,0.75,3.0,7.0,0.25,0.75,strong,0.0,0.0,,,,,,,,,,,5.836,3.42,21.239,,,
/home/u1120250383/dcs/datasets/IAPS/Dataset/2703.jpg,,,True,cognitive-appraisal,cognitive-appraisal,"[""cognitive-appraisal""]",1,Only one candidate skill analysis succeeded; using it as the final score.,True,0.99,,,2.0,8.0,0.125,0.875,2.0,8.5,0.125,0.9375,strong,0.0,0.0625,,,,,,,,,,,5.728,3.068,22.848,,,
/home/u1120250383/dcs/datasets/IAPS/Dataset/2716.jpg,,,True,cognitive-appraisal,cognitive-appraisal,"[""cognitive-appraisal""]",1,Only one candidate skill analysis succeeded; using it as the final score.,True,0.9,,,5.0,5.0,0.5,0.5,4.0,6.0,0.375,0.625,partial,-0.125,0.125,,,,,,,,,,,5.353,3.046,20.543,,,
/home/u1120250383/dcs/datasets/IAPS/Dataset/2722.jpg,,,True,cognitive-appraisal,cognitive-appraisal,"[""cognitive-appraisal""]",1,Only one candidate skill analysis succeeded; using it as the final score.,True,0.98,,,3.0,5.0,0.25,0.5,3.0,6.5,0.25,0.6875,strong,0.0,0.1875,,,,,,,,,,,6.278,3.324,18.81,,,
/home/u1120250383/dcs/datasets/IAPS/Dataset/2749.jpg,,,True,cognitive-appraisal,cognitive-appraisal,"[""cognitive-appraisal""]",1,Only one candidate skill analysis succeeded; using it as the final score.,True,0.9,,,5.0,5.0,0.5,0.5,4.0,5.0,0.375,0.5,partial,-0.125,0.0,,,,,,,,,,,6.989,3.462,20.256,,,
/home/u1120250383/dcs/datasets/IAPS/Dataset/2753.jpg,,,True,cognitive-appraisal,cognitive-appraisal,"[""cognitive-appraisal""]",1,Only one candidate skill analysis succeeded; using it as the final score.,True,0.9,,,3.0,5.0,0.25,0.5,3.0,6.0,0.25,0.625,partial,0.0,0.125,,,,,,,,,,,6.145,3.452,19.546,,,
/home/u1120250383/dcs/datasets/IAPS/Dataset/2795.jpg,,,True,cognitive-appraisal,cognitive-appraisal,"[""cognitive-appraisal""]",1,Only one candidate skill analysis succeeded; using it as the final score.,True,0.9,,,4.0,6.0,0.375,0.625,4.0,6.0,0.375,0.625,partial,0.0,0.0,,,,,,,,,,,6.556,3.374,21.122,,,
/home/u1120250383/dcs/datasets/IAPS/Dataset/2811.jpg,,,True,cognitive-appraisal,cognitive-appraisal,"[""cognitive-appraisal""]",1,Only one candidate skill analysis succeeded; using it as the final score.,True,0.98,,,3.0,8.0,0.25,0.875,2.0,8.0,0.125,0.875,strong,-0.125,0.0,,,,,,,,,,,5.777,3.51,15.943,,,
/home/u1120250383/dcs/datasets/IAPS/Dataset/2870.jpg,,,True,cognitive-appraisal,cognitive-appraisal,"[""cognitive-appraisal""]",1,Only one candidate skill analysis succeeded; using it as the final score.,True,0.9,,,6.5,5.5,0.6875,0.5625,6.5,5.5,0.6875,0.5625,strong,0.0,0.0,,,,,,,,,,,5.702,3.335,18.976,,,
/home/u1120250383/dcs/datasets/IAPS/Dataset/2901.jpg,,,True,cognitive-appraisal,cognitive-appraisal,"[""cognitive-appraisal""]",1,Only one candidate skill analysis succeeded; using it as the final score.,True,0.98,,,3.0,8.0,0.25,0.875,2.0,8.0,0.125,0.875,strong,-0.125,0.0,,,,,,,,,,,5.729,3.16,20.822,,,
/home/u1120250383/dcs/datasets/IAPS/Dataset/3000.jpg,,,True,pathogen-disgust,pathogen-disgust,"[""pathogen-disgust""]",1,Only one candidate skill analysis succeeded; using it as the final score.,True,0.99,,,1.0,9.0,0.0,1.0,1.5,8.5,0.0625,0.9375,strong,0.0625,-0.0625,,,,,,,,,,,5.312,3.114,19.039,,,
/home/u1120250383/dcs/datasets/IAPS/Dataset/3010.jpg,,,True,pathogen-disgust,pathogen-disgust,"[""pathogen-disgust""]",1,Only one candidate skill analysis succeeded; using it as the final score.,True,0.99,,,1.0,9.0,0.0,1.0,1.5,8.5,0.0625,0.9375,strong,0.0625,-0.0625,,,,,,,,,,,5.425,3.08,20.123,,,
/home/u1120250383/dcs/datasets/IAPS/Dataset/3019.jpg,,,True,pathogen-disgust,pathogen-disgust,"[""pathogen-disgust""]",1,Only one candidate skill analysis succeeded; using it as the final score.,True,0.99,,,2.0,8.0,0.125,0.875,2.0,8.0,0.125,0.875,strong,0.0,0.0,,,,,,,,,,,5.328,3.256,17.786,,,
/home/u1120250383/dcs/datasets/IAPS/Dataset/3053.jpg,,,True,pathogen-disgust,pathogen-disgust,"[""pathogen-disgust""]",1,Only one candidate skill analysis succeeded; using it as the final score.,True,0.99,,,1.0,9.0,0.0,1.0,1.5,8.5,0.0625,0.9375,strong,0.0625,-0.0625,,,,,,,,,,,5.256,3.126,19.889,,,
/home/u1120250383/dcs/datasets/IAPS/Dataset/3062.jpg,,,True,pathogen-disgust,pathogen-disgust,"[""pathogen-disgust""]",1,Only one candidate skill analysis succeeded; using it as the final score.,True,0.99,,,1.0,9.0,0.0,1.0,1.5,8.5,0.0625,0.9375,strong,0.0625,-0.0625,,,,,,,,,,,5.985,3.174,18.435,,,
/home/u1120250383/dcs/datasets/IAPS/Dataset/3069.jpg,,,True,pathogen-disgust,pathogen-disgust,"[""pathogen-disgust""]",1,Only one candidate skill analysis succeeded; using it as the final score.,True,0.99,,,1.0,9.0,0.0,1.0,1.5,8.5,0.0625,0.9375,strong,0.0625,-0.0625,,,,,,,,,,,5.963,3.104,21.708,,,
/home/u1120250383/dcs/datasets/IAPS/Dataset/3101.jpg,,,True,pathogen-disgust,pathogen-disgust,"[""pathogen-disgust""]",1,Only one candidate skill analysis succeeded; using it as the final score.,True,0.99,,,1.0,9.0,0.0,1.0,1.5,7.5,0.0625,0.8125,strong,0.0625,-0.1875,,,,,,,,,,,5.402,3.13,20.108,,,
/home/u1120250383/dcs/datasets/IAPS/Dataset/3120.jpg,,,True,pathogen-disgust,pathogen-disgust,"[""pathogen-disgust"", ""cognitive-appraisal""]",2,"The image's primary psychological trigger is the visible organic degradation, bodily fluids, and wounds, which directly activate the pathogen-disgust system. While cognitive-appraisal is applicable, pathogen-disgust is more specifically scoped to the biological contamination cues that dominate the visual field. The candidate's VA score of 1.5 valence and 7.5 arousal is well-justified by the evidence of widespread contamination and vivid decay.",False,0.99,,,1.0,9.0,0.0,1.0,1.5,7.5,0.0625,0.8125,strong,0.0625,-0.1875,,,,,,,,,,,5.609,3.272,21.22,,,
/home/u1120250383/dcs/datasets/IAPS/Dataset/3150.jpg,,,True,pathogen-disgust,pathogen-disgust,"[""pathogen-disgust""]",1,Only one candidate skill analysis succeeded; using it as the final score.,True,0.99,,,1.0,9.0,0.0,1.0,1.5,8.5,0.0625,0.9375,strong,0.0625,-0.0625,,,,,,,,,,,5.445,2.91,18.599,,,
/home/u1120250383/dcs/datasets/IAPS/Dataset/3180.jpg,,,True,cognitive-appraisal,cognitive-appraisal,"[""cognitive-appraisal""]",1,Only one candidate skill analysis succeeded; using it as the final score.,True,0.9,,,4.5,5.0,0.4375,0.5,3.0,6.0,0.25,0.625,partial,-0.1875,0.125,,,,,,,,,,,5.761,3.172,19.491,,,
/home/u1120250383/dcs/datasets/IAPS/Dataset/3191.jpg,,,True,pathogen-disgust,pathogen-disgust,"[""pathogen-disgust""]",1,Only one candidate skill analysis succeeded; using it as the final score.,True,0.95,,,2.0,5.0,0.125,0.5,2.0,6.5,0.125,0.6875,strong,0.0,0.1875,,,,,,,,,,,6.324,3.101,19.594,,,
/home/u1120250383/dcs/datasets/IAPS/Dataset/3212.jpg,,,True,pathogen-disgust,pathogen-disgust,"[""pathogen-disgust""]",1,Only one candidate skill analysis succeeded; using it as the final score.,True,0.99,,,2.0,8.0,0.125,0.875,2.0,7.5,0.125,0.8125,strong,0.0,-0.0625,,,,,,,,,,,6.123,3.326,18.544,,,
/home/u1120250383/dcs/datasets/IAPS/Dataset/3220.jpg,,,True,cognitive-appraisal,cognitive-appraisal,"[""cognitive-appraisal""]",1,Only one candidate skill analysis succeeded; using it as the final score.,True,0.95,,,4.0,6.0,0.375,0.625,4.0,7.0,0.375,0.75,strong,0.0,0.125,,,,,,,,,,,5.977,3.555,21.192,,,
/home/u1120250383/dcs/datasets/IAPS/Dataset/3261.jpg,,,True,pathogen-disgust,pathogen-disgust,"[""pathogen-disgust""]",1,Only one candidate skill analysis succeeded; using it as the final score.,True,0.99,,,1.0,9.0,0.0,1.0,1.5,8.5,0.0625,0.9375,strong,0.0625,-0.0625,,,,,,,,,,,5.636,3.173,22.25,,,
/home/u1120250383/dcs/datasets/IAPS/Dataset/3301.jpg,,,True,pathogen-disgust,pathogen-disgust,"[""pathogen-disgust""]",1,Only one candidate skill analysis succeeded; using it as the final score.,True,0.99,,,2.0,8.0,0.125,0.875,2.0,7.5,0.125,0.8125,strong,0.0,-0.0625,,,,,,,,,,,6.382,3.422,18.722,,,
/home/u1120250383/dcs/datasets/IAPS/Dataset/3360.jpg,,,True,baby-schema,baby-schema,"[""baby-schema""]",1,Only one candidate skill analysis succeeded; using it as the final score.,True,0.98,,,5.0,5.0,0.5,0.5,5.0,5.0,0.5,0.5,partial,0.0,0.0,,,,,,,,,,,5.554,2.955,22.062,,,
/home/u1120250383/dcs/datasets/IAPS/Dataset/3550.jpg,,,True,pathogen-disgust,pathogen-disgust,"[""pathogen-disgust""]",1,Only one candidate skill analysis succeeded; using it as the final score.,True,0.99,,,2.0,8.0,0.125,0.875,2.0,8.5,0.125,0.9375,strong,0.0,0.0625,,,,,,,,,,,5.74,3.211,17.844,,,
/home/u1120250383/dcs/datasets/IAPS/Dataset/4001.jpg,,,True,emotional-body-language,emotional-body-language,"[""emotional-body-language""]",1,Only one candidate skill analysis succeeded; using it as the final score.,True,0.95,,,5.0,5.0,0.5,0.5,6.5,6.5,0.6875,0.6875,strong,0.1875,0.1875,,,,,,,,,,,5.804,3.385,17.065,,,
/home/u1120250383/dcs/datasets/IAPS/Dataset/4005.jpg,,,True,cognitive-appraisal,cognitive-appraisal,"[""cognitive-appraisal""]",1,Only one candidate skill analysis succeeded; using it as the final score.,True,0.9,,,5.0,5.0,0.5,0.5,5.0,5.0,0.5,0.5,partial,0.0,0.0,,,,,,,,,,,6.471,3.244,19.98,,,
/home/u1120250383/dcs/datasets/IAPS/Dataset/4071.jpg,,,True,no_specialized_skill,no_specialized_skill,[],0,"Neutral pose, no visible threat, novelty, or environmental cues for specialized affective mechanisms.",False,1.0,,,7.0,5.0,0.75,0.5,7.0,5.0,0.75,0.5,,0.0,0.0,,,,,,,,,,,4.974,2.771,0.0,,,
/home/u1120250383/dcs/datasets/IAPS/Dataset/4130.jpg,,,True,berlyne-arousal-pleasure,berlyne-arousal-pleasure,"[""berlyne-arousal-pleasure""]",1,Only one candidate skill analysis succeeded; using it as the final score.,True,0.95,,,7.0,7.0,0.75,0.75,7.0,7.0,0.75,0.75,strong,0.0,0.0,,,,,,,,,,,6.172,3.659,18.057,,,
/home/u1120250383/dcs/datasets/IAPS/Dataset/4180.jpg,,,True,no_specialized_skill,no_specialized_skill,[],0,No direct specialized affective mechanism visible; face and body present but no clear arousal/valence driver beyond general beauty.,False,0.9,,,6.5,5.5,0.6875,0.5625,6.5,5.5,0.6875,0.5625,,0.0,0.0,,,,,,,,,,,5.732,3.403,0.0,,,
/home/u1120250383/dcs/datasets/IAPS/Dataset/4230.jpg,,,True,cognitive-appraisal,cognitive-appraisal,"[""cognitive-appraisal""]",1,Only one candidate skill analysis succeeded; using it as the final score.,True,0.9,,,5.0,5.0,0.5,0.5,3.5,7.0,0.3125,0.75,partial,-0.1875,0.25,,,,,,,,,,,5.836,3.293,22.154,,,
/home/u1120250383/dcs/datasets/IAPS/Dataset/4240.jpg,,,True,cognitive-appraisal,cognitive-appraisal,"[""cognitive-appraisal""]",1,Only one candidate skill analysis succeeded; using it as the final score.,True,0.8,,,5.0,5.0,0.5,0.5,5.0,5.0,0.5,0.5,partial,0.0,0.0,,,,,,,,,,,6.003,3.431,22.713,,,
/home/u1120250383/dcs/datasets/IAPS/Dataset/4275.jpg,,,True,cognitive-appraisal,cognitive-appraisal,"[""cognitive-appraisal""]",1,Only one candidate skill analysis succeeded; using it as the final score.,True,0.9,,,7.0,6.0,0.75,0.625,7.0,6.5,0.75,0.6875,strong,0.0,0.0625,,,,,,,,,,,5.576,3.399,26.25,,,
/home/u1120250383/dcs/datasets/IAPS/Dataset/4302.jpg,,,True,cognitive-appraisal,cognitive-appraisal,"[""cognitive-appraisal""]",1,Only one candidate skill analysis succeeded; using it as the final score.,True,0.9,,,5.0,5.0,0.5,0.5,5.0,5.0,0.5,0.5,partial,0.0,0.0,,,,,,,,,,,5.769,3.203,22.287,,,
/home/u1120250383/dcs/datasets/IAPS/Dataset/4325.jpg,,,True,cognitive-appraisal,cognitive-appraisal,"[""cognitive-appraisal""]",1,Only one candidate skill analysis succeeded; using it as the final score.,True,0.95,,,6.0,6.0,0.625,0.625,6.0,6.0,0.625,0.625,strong,0.0,0.0,,,,,,,,,,,6.202,3.332,21.304,,,
/home/u1120250383/dcs/datasets/IAPS/Dataset/4500.jpg,,,True,no_specialized_skill,no_specialized_skill,[],0,"Neutral portrait of adult male, no visible specialized affective mechanism.",False,1.0,,,7.0,6.0,0.75,0.625,7.0,6.0,0.75,0.625,,0.0,0.0,,,,,,,,,,,5.35,2.564,0.0,,,
/home/u1120250383/dcs/datasets/IAPS/Dataset/4520.jpg,,,True,emotional-body-language,emotional-body-language,"[""emotional-body-language""]",1,Only one candidate skill analysis succeeded; using it as the final score.,True,0.9,,,6.5,5.5,0.6875,0.5625,6.5,4.0,0.6875,0.375,strong,0.0,-0.1875,,,,,,,,,,,5.801,3.449,20.937,,,
/home/u1120250383/dcs/datasets/IAPS/Dataset/4532.jpg,,,True,cognitive-appraisal,cognitive-appraisal,"[""cognitive-appraisal""]",1,Only one candidate skill analysis succeeded; using it as the final score.,True,0.9,,,8.0,6.0,0.875,0.625,8.0,5.0,0.875,0.5,strong,0.0,-0.125,,,,,,,,,,,6.285,3.172,19.286,,,
/home/u1120250383/dcs/datasets/IAPS/Dataset/4536.jpg,,,True,emotional-body-language,emotional-body-language,"[""emotional-body-language""]",1,Only one candidate skill analysis succeeded; using it as the final score.,True,0.95,,,7.0,6.5,0.75,0.6875,6.5,7.0,0.6875,0.75,strong,-0.0625,0.0625,,,,,,,,,,,5.982,3.282,18.504,,,
/home/u1120250383/dcs/datasets/IAPS/Dataset/4550.jpg,,,True,no_specialized_skill,no_specialized_skill,[],0,No specialized affective mechanism visibly dominant; body is exposed but no clear arousal/valence cue beyond general physicality.,False,0.9,,,5.0,5.0,0.5,0.5,5.0,5.0,0.5,0.5,,0.0,0.0,,,,,,,,,,,7.737,3.464,0.0,,,
/home/u1120250383/dcs/datasets/IAPS/Dataset/4572.jpg,,,True,cognitive-appraisal,cognitive-appraisal,"[""cognitive-appraisal""]",1,Only one candidate skill analysis succeeded; using it as the final score.,True,0.95,,,7.0,6.0,0.75,0.625,7.5,6.5,0.8125,0.6875,strong,0.0625,0.0625,,,,,,,,,,,5.952,3.51,23.344,,,
/home/u1120250383/dcs/datasets/IAPS/Dataset/4597.jpg,,,True,cognitive-appraisal,cognitive-appraisal,"[""cognitive-appraisal""]",1,Only one candidate skill analysis succeeded; using it as the final score.,True,0.95,,,7.0,6.0,0.75,0.625,7.5,6.5,0.8125,0.6875,strong,0.0625,0.0625,,,,,,,,,,,5.253,3.492,23.982,,,
/home/u1120250383/dcs/datasets/IAPS/Dataset/4601.jpg,,,True,cognitive-appraisal,cognitive-appraisal,"[""cognitive-appraisal""]",1,Only one candidate skill analysis succeeded; using it as the final score.,True,0.95,,,8.0,5.0,0.875,0.5,8.0,5.0,0.875,0.5,strong,0.0,0.0,,,,,,,,,,,6.267,3.405,22.377,,,
/home/u1120250383/dcs/datasets/IAPS/Dataset/4606.jpg,,,True,cognitive-appraisal,cognitive-appraisal,"[""cognitive-appraisal""]",1,Only one candidate skill analysis succeeded; using it as the final score.,True,0.95,,,7.0,6.0,0.75,0.625,7.0,6.0,0.75,0.625,strong,0.0,0.0,,,,,,,,,,,6.034,3.12,21.631,,,
/home/u1120250383/dcs/datasets/IAPS/Dataset/4610.jpg,,,True,cognitive-appraisal,cognitive-appraisal,"[""cognitive-appraisal""]",1,Only one candidate skill analysis succeeded; using it as the final score.,True,0.95,,,5.0,5.0,0.5,0.5,5.0,5.0,0.5,0.5,strong,0.0,0.0,,,,,,,,,,,5.648,3.175,23.049,,,
/home/u1120250383/dcs/datasets/IAPS/Dataset/4614.jpg,,,True,cognitive-appraisal,cognitive-appraisal,"[""cognitive-appraisal""]",1,Only one candidate skill analysis succeeded; using it as the final score.,True,0.9,,,7.0,6.0,0.75,0.625,7.5,5.5,0.8125,0.5625,strong,0.0625,-0.0625,,,,,,,,,,,5.956,3.467,19.563,,,
/home/u1120250383/dcs/datasets/IAPS/Dataset/4621.jpg,,,True,cognitive-appraisal,cognitive-appraisal,"[""cognitive-appraisal""]",1,Only one candidate skill analysis succeeded; using it as the final score.,True,0.95,,,4.5,5.5,0.4375,0.5625,4.0,6.0,0.375,0.625,partial,-0.0625,0.0625,,,,,,,,,,,7.104,3.508,22.152,,,
/home/u1120250383/dcs/datasets/IAPS/Dataset/4625.jpg,,,True,cognitive-appraisal,cognitive-appraisal,"[""cognitive-appraisal""]",1,Only one candidate skill analysis succeeded; using it as the final score.,True,0.98,,,8.0,5.0,0.875,0.5,8.0,5.0,0.875,0.5,strong,0.0,0.0,,,,,,,,,,,5.382,3.288,19.073,,,
/home/u1120250383/dcs/datasets/IAPS/Dataset/4635.jpg,,,True,cognitive-appraisal,cognitive-appraisal,"[""cognitive-appraisal""]",1,Only one candidate skill analysis succeeded; using it as the final score.,True,0.95,,,5.0,5.0,0.5,0.5,3.5,7.0,0.3125,0.75,strong,-0.1875,0.25,,,,,,,,,,,5.943,3.48,24.061,,,
/home/u1120250383/dcs/datasets/IAPS/Dataset/4645.jpg,,,True,cognitive-appraisal,cognitive-appraisal,"[""cognitive-appraisal""]",1,Only one candidate skill analysis succeeded; using it as the final score.,True,0.9,,,7.5,4.5,0.8125,0.4375,7.5,4.5,0.8125,0.4375,strong,0.0,0.0,,,,,,,,,,,5.023,3.21,17.946,,,
/home/u1120250383/dcs/datasets/IAPS/Dataset/4651.jpg,,,True,cognitive-appraisal,cognitive-appraisal,"[""cognitive-appraisal""]",1,Only one candidate skill analysis succeeded; using it as the final score.,True,0.95,,,6.5,7.0,0.6875,0.75,6.5,6.5,0.6875,0.6875,strong,0.0,-0.0625,,,,,,,,,,,5.981,3.698,21.609,,,
/home/u1120250383/dcs/datasets/IAPS/Dataset/4658.jpg,,,True,cognitive-appraisal,cognitive-appraisal,"[""cognitive-appraisal""]",1,Only one candidate skill analysis succeeded; using it as the final score.,True,0.95,,,6.5,6.5,0.6875,0.6875,6.5,7.0,0.6875,0.75,strong,0.0,0.0625,,,,,,,,,,,5.641,3.782,23.88,,,
/home/u1120250383/dcs/datasets/IAPS/Dataset/4663.jpg,,,True,cognitive-appraisal,cognitive-appraisal,"[""cognitive-appraisal""]",1,Only one candidate skill analysis succeeded; using it as the final score.,True,0.99,,,2.0,8.0,0.125,0.875,1.5,8.5,0.0625,0.9375,strong,-0.0625,0.0625,,,,,,,,,,,5.673,3.405,19.754,,,
/home/u1120250383/dcs/datasets/IAPS/Dataset/4669.jpg,,,True,cognitive-appraisal,cognitive-appraisal,"[""cognitive-appraisal""]",1,Only one candidate skill analysis succeeded; using it as the final score.,True,0.95,,,7.0,8.0,0.75,0.875,7.0,8.0,0.75,0.875,strong,0.0,0.0,,,,,,,,,,,5.772,3.542,18.076,,,
/home/u1120250383/dcs/datasets/IAPS/Dataset/4677.jpg,,,True,emotional-body-language,emotional-body-language,"[""emotional-body-language""]",1,Only one candidate skill analysis succeeded; using it as the final score.,True,0.95,,,6.5,6.0,0.6875,0.625,7.0,5.0,0.75,0.5,strong,0.0625,-0.125,,,,,,,,,,,5.665,3.222,20.36,,,
/home/u1120250383/dcs/datasets/IAPS/Dataset/4687.jpg,,,True,cognitive-appraisal,cognitive-appraisal,"[""cognitive-appraisal""]",1,Only one candidate skill analysis succeeded; using it as the final score.,True,0.98,,,7.0,7.0,0.75,0.75,7.5,7.5,0.8125,0.8125,strong,0.0625,0.0625,,,,,,,,,,,5.47,3.152,20.779,,,
/home/u1120250383/dcs/datasets/IAPS/Dataset/4693.jpg,,,True,emotional-body-language,emotional-body-language,"[""emotional-body-language""]",1,Only one candidate skill analysis succeeded; using it as the final score.,True,0.95,,,7.0,6.0,0.75,0.625,7.5,4.5,0.8125,0.4375,strong,0.0625,-0.1875,,,,,,,,,,,6.317,3.4,19.203,,,
/home/u1120250383/dcs/datasets/IAPS/Dataset/4698.jpg,,,True,cognitive-appraisal,emotional-body-language,"[""cognitive-appraisal"", ""emotional-body-language""]",2,"The analysis correctly focuses on observable body language cues (posture, orientation, tension) to infer affect, which is more directly supported by the visual evidence than cognitive-appraisal, which requires assumptions about internal goals and intentions. The woman's closed eyes and upward tilt, combined with the embrace, are strong indicators of positive valence and moderate-high arousal, which the body-language analysis captures well. The cognitive-appraisal analysis overreaches by inferring 'mutual agency' and 'goal congruence' without explicit visual evidence of intent beyond the physical contact.",False,0.95,,,7.0,6.0,0.75,0.625,7.5,6.5,0.8125,0.6875,strong,0.0625,0.0625,,,,,,,,,,,5.709,3.401,19.496,,,
/home/u1120250383/dcs/datasets/IAPS/Dataset/4800.jpg,,,True,cognitive-appraisal,cognitive-appraisal,"[""cognitive-appraisal""]",1,Only one candidate skill analysis succeeded; using it as the final score.,True,0.95,,,5.0,5.0,0.5,0.5,5.0,5.0,0.5,0.5,partial,0.0,0.0,,,,,,,,,,,6.033,3.341,20.814,,,
/home/u1120250383/dcs/datasets/IAPS/Dataset/5010.jpg,,,True,kaplan-art-restoration,kaplan-art-restoration,"[""kaplan-art-restoration""]",1,Only one candidate skill analysis succeeded; using it as the final score.,True,0.9,,,7.0,5.0,0.75,0.5,6.5,4.5,0.6875,0.4375,strong,-0.0625,-0.0625,,,,,,,,,,,6.184,3.331,20.4,,,
/home/u1120250383/dcs/datasets/IAPS/Dataset/5120.jpg,,,True,no_specialized_skill,no_specialized_skill,[],0,"No specialized affective mechanism is visibly dominant; scene is neutral, low-arousal forest floor.",False,0.99,,,5.0,5.0,0.5,0.5,5.0,5.0,0.5,0.5,,0.0,0.0,,,,,,,,,,,6.484,3.371,0.0,,,
/home/u1120250383/dcs/datasets/IAPS/Dataset/5201.jpg,,,True,kaplan-art-restoration,kaplan-art-restoration,"[""kaplan-art-restoration""]",1,Only one candidate skill analysis succeeded; using it as the final score.,True,0.95,,,7.0,5.0,0.75,0.5,7.0,4.0,0.75,0.375,strong,0.0,-0.125,,,,,,,,,,,6.268,3.413,22.55,,,
/home/u1120250383/dcs/datasets/IAPS/Dataset/5220.jpg,,,True,kaplan-art-restoration,kaplan-art-restoration,"[""kaplan-art-restoration""]",1,Only one candidate skill analysis succeeded; using it as the final score.,True,0.95,,,6.5,4.5,0.6875,0.4375,7.0,4.0,0.75,0.375,strong,0.0625,-0.0625,,,,,,,,,,,6.458,3.361,22.569,,,
/home/u1120250383/dcs/datasets/IAPS/Dataset/5300.jpg,,,True,no_specialized_skill,no_specialized_skill,[],0,"No specialized affective mechanism visibly dominant; cosmic scene lacks direct cues for awe, arousal, or appraisal.",False,1.0,,,6.5,5.5,0.6875,0.5625,6.5,5.5,0.6875,0.5625,,0.0,0.0,,,,,,,,,,,7.349,2.884,0.0,,,
/home/u1120250383/dcs/datasets/IAPS/Dataset/5410.jpg,,,True,cognitive-appraisal,cognitive-appraisal,"[""cognitive-appraisal"", ""emotional-body-language""]",2,"The analysis correctly frames the musician's focused performance as an instance of goal congruence with artistic expression and mastery, which justifies a positive valence. It also accurately assesses arousal as moderate, based on concentration without visible urgency or threat. The 'emotional-body-language' analysis, while plausible, assigns a higher arousal score (6.0) without clear visual evidence of heightened physiological activation beyond engaged posture, and its valence estimate is less justified due to the absence of facial cues. The cognitive-appraisal analysis is more comprehensive and better scoped to the visible evidence.",False,0.9,,,6.0,5.0,0.625,0.5,6.0,5.0,0.625,0.5,strong,0.0,0.0,,,,,,,,,,,5.123,3.212,20.79,,,
/home/u1120250383/dcs/datasets/IAPS/Dataset/5470.jpg,,,True,awe,awe,"[""awe""]",1,Only one candidate skill analysis succeeded; using it as the final score.,True,0.99,,,6.0,6.0,0.625,0.625,7.0,7.0,0.75,0.75,strong,0.125,0.125,,,,,,,,,,,6.307,2.971,22.204,,,
/home/u1120250383/dcs/datasets/IAPS/Dataset/5510.jpg,,,True,no_specialized_skill,no_specialized_skill,[],0,"No specialized affective mechanism visibly dominant; neutral, low-arousal natural scene.",False,0.99,,,5.0,5.0,0.5,0.5,5.0,5.0,0.5,0.5,,0.0,0.0,,,,,,,,,,,5.675,3.099,0.0,,,
/home/u1120250383/dcs/datasets/IAPS/Dataset/5532.jpg,,,True,no_specialized_skill,no_specialized_skill,[],0,No specialized affective mechanism visibly dominant; mushrooms in leaf litter lack direct cues for arousal/valence specialization.,False,1.0,,,5.0,5.0,0.5,0.5,5.0,5.0,0.5,0.5,,0.0,0.0,,,,,,,,,,,5.486,3.294,0.0,,,
/home/u1120250383/dcs/datasets/IAPS/Dataset/5551.jpg,,,True,no_specialized_skill,no_specialized_skill,[],0,No specialized affective mechanism visibly dominant; calm sky scene lacks direct cues for arousal/valence specialization.,False,1.0,,,6.5,5.5,0.6875,0.5625,6.5,5.5,0.6875,0.5625,,0.0,0.0,,,,,,,,,,,5.508,2.915,0.0,,,
/home/u1120250383/dcs/datasets/IAPS/Dataset/5611.jpg,,,True,awe,awe,"[""awe""]",1,Only one candidate skill analysis succeeded; using it as the final score.,True,0.95,,,6.0,5.0,0.625,0.5,6.5,5.5,0.6875,0.5625,strong,0.0625,0.0625,,,,,,,,,,,6.174,3.215,23.809,,,
/home/u1120250383/dcs/datasets/IAPS/Dataset/5626.jpg,,,True,awe,awe,"[""awe""]",1,Only one candidate skill analysis succeeded; using it as the final score.,True,0.98,,,6.5,5.5,0.6875,0.5625,7.0,6.0,0.75,0.625,strong,0.0625,0.0625,,,,,,,,,,,6.237,3.242,21.356,,,
/home/u1120250383/dcs/datasets/IAPS/Dataset/5635.jpg,,,True,no_specialized_skill,no_specialized_skill,[],0,No specialized affective mechanism is visibly dominant; scene is ordinary urban winter street.,False,1.0,,,5.0,5.0,0.5,0.5,5.0,5.0,0.5,0.5,,0.0,0.0,,,,,,,,,,,5.982,2.719,0.0,,,
/home/u1120250383/dcs/datasets/IAPS/Dataset/5700.jpg,,,True,awe,awe,"[""awe""]",1,Only one candidate skill analysis succeeded; using it as the final score.,True,0.98,,,5.0,5.0,0.5,0.5,6.5,6.0,0.6875,0.625,strong,0.1875,0.125,,,,,,,,,,,5.761,3.145,23.065,,,
/home/u1120250383/dcs/datasets/IAPS/Dataset/5726.jpg,,,True,kaplan-art-restoration,kaplan-art-restoration,"[""kaplan-art-restoration""]",1,Only one candidate skill analysis succeeded; using it as the final score.,True,0.95,,,7.0,5.0,0.75,0.5,7.0,4.0,0.75,0.375,strong,0.0,-0.125,,,,,,,,,,,5.308,3.32,19.837,,,
/home/u1120250383/dcs/datasets/IAPS/Dataset/5760.jpg,,,True,kaplan-art-restoration,kaplan-art-restoration,"[""kaplan-art-restoration""]",1,Only one candidate skill analysis succeeded; using it as the final score.,True,0.95,,,8.0,5.0,0.875,0.5,7.5,4.0,0.8125,0.375,strong,-0.0625,-0.125,,,,,,,,,,,6.397,3.241,22.785,,,
/home/u1120250383/dcs/datasets/IAPS/Dataset/5781.jpg,,,True,kaplan-art-restoration,kaplan-art-restoration,"[""kaplan-art-restoration""]",1,Only one candidate skill analysis succeeded; using it as the final score.,True,0.95,,,6.5,3.0,0.6875,0.25,6.5,3.5,0.6875,0.3125,strong,0.0,0.0625,,,,,,,,,,,6.264,3.488,20.958,,,
/home/u1120250383/dcs/datasets/IAPS/Dataset/5820.jpg,,,True,kaplan-art-restoration,kaplan-art-restoration,"[""kaplan-art-restoration""]",1,Only one candidate skill analysis succeeded; using it as the final score.,True,0.9,,,5.0,5.0,0.5,0.5,6.0,4.0,0.625,0.375,strong,0.125,-0.125,,,,,,,,,,,5.836,3.23,21.685,,,
/home/u1120250383/dcs/datasets/IAPS/Dataset/5831.jpg,,,True,cognitive-appraisal,cognitive-appraisal,"[""cognitive-appraisal""]",1,Only one candidate skill analysis succeeded; using it as the final score.,True,0.9,,,7.0,6.0,0.75,0.625,7.0,5.0,0.75,0.5,strong,0.0,-0.125,,,,,,,,,,,5.804,3.295,18.949,,,
/home/u1120250383/dcs/datasets/IAPS/Dataset/5870.jpg,,,True,no_specialized_skill,no_specialized_skill,[],0,"No specialized affective mechanism visibly dominant; calm, neutral cloud scene.",False,1.0,,,6.0,5.0,0.625,0.5,6.0,5.0,0.625,0.5,,0.0,0.0,,,,,,,,,,,5.987,2.63,0.0,,,
/home/u1120250383/dcs/datasets/IAPS/Dataset/5900.jpg,,,True,no_specialized_skill,no_specialized_skill,[],0,"No specialized affective mechanism visibly dominant; scene is calm, open, and lacks direct cues for arousal or valence specialization.",False,1.0,,,5.0,5.0,0.5,0.5,5.0,5.0,0.5,0.5,,0.0,0.0,,,,,,,,,,,6.085,3.065,0.0,,,
/home/u1120250383/dcs/datasets/IAPS/Dataset/5950.jpg,,,True,awe,awe,"[""awe""]",1,Only one candidate skill analysis succeeded; using it as the final score.,True,0.98,,,5.0,8.0,0.5,0.875,5.0,7.0,0.5,0.75,strong,0.0,-0.125,,,,,,,,,,,6.207,3.025,22.708,,,
/home/u1120250383/dcs/datasets/IAPS/Dataset/5972.jpg,,,True,cognitive-appraisal,cognitive-appraisal,"[""cognitive-appraisal""]",1,Only one candidate skill analysis succeeded; using it as the final score.,True,0.98,,,3.0,8.0,0.25,0.875,2.0,8.5,0.125,0.9375,strong,-0.125,0.0625,,,,,,,,,,,5.594,3.273,20.604,,,
/home/u1120250383/dcs/datasets/IAPS/Dataset/5991.jpg,,,True,no_specialized_skill,no_specialized_skill,[],0,"No specialized affective mechanism visibly dominant; calm, abstract sky scene.",False,0.99,,,6.5,4.5,0.6875,0.4375,6.5,4.5,0.6875,0.4375,,0.0,0.0,,,,,,,,,,,5.677,3.016,0.0,,,
/home/u1120250383/dcs/datasets/IAPS/Dataset/6020.jpg,,,True,cognitive-appraisal,cognitive-appraisal,"[""cognitive-appraisal""]",1,Only one candidate skill analysis succeeded; using it as the final score.,True,0.95,,,3.0,5.0,0.25,0.5,2.0,8.0,0.125,0.875,strong,-0.125,0.375,,,,,,,,,,,5.416,3.424,24.413,,,
/home/u1120250383/dcs/datasets/IAPS/Dataset/6190.jpg,,,True,cognitive-appraisal,cognitive-appraisal,"[""cognitive-appraisal""]",1,Only one candidate skill analysis succeeded; using it as the final score.,True,0.98,,,3.0,7.0,0.25,0.75,3.0,7.5,0.25,0.8125,strong,0.0,0.0625,,,,,,,,,,,5.081,3.081,18.502,,,
/home/u1120250383/dcs/datasets/IAPS/Dataset/6212.jpg,,,True,cognitive-appraisal,cognitive-appraisal,"[""cognitive-appraisal""]",1,Only one candidate skill analysis succeeded; using it as the final score.,True,0.99,,,3.0,8.0,0.25,0.875,2.5,8.5,0.1875,0.9375,strong,-0.0625,0.0625,,,,,,,,,,,5.598,3.18,24.717,,,
/home/u1120250383/dcs/datasets/IAPS/Dataset/6231.jpg,,,True,cognitive-appraisal,cognitive-appraisal,"[""cognitive-appraisal""]",1,Only one candidate skill analysis succeeded; using it as the final score.,True,0.98,,,3.0,8.0,0.25,0.875,2.5,8.5,0.1875,0.9375,strong,-0.0625,0.0625,,,,,,,,,,,6.016,3.368,20.646,,,
/home/u1120250383/dcs/datasets/IAPS/Dataset/6243.jpg,,,True,cognitive-appraisal,cognitive-appraisal,"[""cognitive-appraisal""]",1,Only one candidate skill analysis succeeded; using it as the final score.,True,0.98,,,3.0,8.0,0.25,0.875,2.0,8.5,0.125,0.9375,strong,-0.125,0.0625,,,,,,,,,,,5.725,3.321,22.981,,,
/home/u1120250383/dcs/datasets/IAPS/Dataset/6252.jpg,,,True,cognitive-appraisal,cognitive-appraisal,"[""cognitive-appraisal""]",1,Only one candidate skill analysis succeeded; using it as the final score.,True,0.95,,,7.0,6.0,0.75,0.625,7.0,5.0,0.75,0.5,strong,0.0,-0.125,,,,,,,,,,,6.338,3.467,21.583,,,
/home/u1120250383/dcs/datasets/IAPS/Dataset/6311.jpg,,,True,cognitive-appraisal,cognitive-appraisal,"[""cognitive-appraisal""]",1,Only one candidate skill analysis succeeded; using it as the final score.,True,0.95,,,3.0,6.0,0.25,0.625,3.0,7.0,0.25,0.75,strong,0.0,0.125,,,,,,,,,,,6.13,3.561,22.767,,,
/home/u1120250383/dcs/datasets/IAPS/Dataset/6315.jpg,,,True,cognitive-appraisal,cognitive-appraisal,"[""cognitive-appraisal""]",1,Only one candidate skill analysis succeeded; using it as the final score.,True,0.99,,,1.0,9.0,0.0,1.0,2.0,8.5,0.125,0.9375,strong,0.125,-0.0625,,,,,,,,,,,6.02,3.251,24.803,,,
/home/u1120250383/dcs/datasets/IAPS/Dataset/6410.jpg,,,True,cognitive-appraisal,cognitive-appraisal,"[""cognitive-appraisal""]",1,Only one candidate skill analysis succeeded; using it as the final score.,True,0.9,,,5.0,5.0,0.5,0.5,3.5,6.5,0.3125,0.6875,partial,-0.1875,0.1875,,,,,,,,,,,7.872,3.331,22.096,,,
/home/u1120250383/dcs/datasets/IAPS/Dataset/6530.jpg,,,True,cognitive-appraisal,cognitive-appraisal,"[""cognitive-appraisal""]",1,Only one candidate skill analysis succeeded; using it as the final score.,True,0.8,,,5.0,5.0,0.5,0.5,5.0,5.0,0.5,0.5,partial,0.0,0.0,,,,,,,,,,,6.368,3.453,19.901,,,
/home/u1120250383/dcs/datasets/IAPS/Dataset/6560.jpg,,,True,cognitive-appraisal,cognitive-appraisal,"[""cognitive-appraisal""]",1,Only one candidate skill analysis succeeded; using it as the final score.,True,0.99,,,1.0,9.0,0.0,1.0,2.0,8.5,0.125,0.9375,strong,0.125,-0.0625,,,,,,,,,,,6.264,3.42,22.652,,,
/home/u1120250383/dcs/datasets/IAPS/Dataset/6570.jpg,,,True,cognitive-appraisal,cognitive-appraisal,"[""cognitive-appraisal""]",1,Only one candidate skill analysis succeeded; using it as the final score.,True,0.99,,,1.0,9.0,0.0,1.0,2.0,8.5,0.125,0.9375,strong,0.125,-0.0625,,,,,,,,,,,5.9,3.33,21.022,,,
/home/u1120250383/dcs/datasets/IAPS/Dataset/6610.jpg,,,True,cognitive-appraisal,cognitive-appraisal,"[""cognitive-appraisal""]",1,Only one candidate skill analysis succeeded; using it as the final score.,True,0.9,,,3.0,5.0,0.25,0.5,3.0,6.5,0.25,0.6875,strong,0.0,0.1875,,,,,,,,,,,6.639,3.133,18.454,,,
/home/u1120250383/dcs/datasets/IAPS/Dataset/6830.jpg,,,True,cognitive-appraisal,cognitive-appraisal,"[""cognitive-appraisal""]",1,Only one candidate skill analysis succeeded; using it as the final score.,True,0.95,,,4.0,5.0,0.375,0.5,3.0,7.0,0.25,0.75,strong,-0.125,0.25,,,,,,,,,,,5.949,3.519,23.484,,,
/home/u1120250383/dcs/datasets/IAPS/Dataset/6836.jpg,,,True,cognitive-appraisal,emotional-body-language,"[""cognitive-appraisal"", ""emotional-body-language""]",2,"The image's affect is best captured by direct observation of the restrained person's body language: contorted face, tensed body, and active resistance clearly indicate high arousal and negative valence. While cognitive-appraisal is applicable, emotional-body-language is more directly scoped to the visible physiological and behavioral cues that define the affective state.",False,0.99,,,2.0,8.0,0.125,0.875,2.0,8.5,0.125,0.9375,strong,0.0,0.0625,,,,,,,,,,,5.68,3.517,17.411,,,
/home/u1120250383/dcs/datasets/IAPS/Dataset/6900.jpg,,,True,cognitive-appraisal,cognitive-appraisal,"[""cognitive-appraisal""]",1,Only one candidate skill analysis succeeded; using it as the final score.,True,0.9,,,5.0,7.0,0.5,0.75,4.5,7.5,0.4375,0.8125,strong,-0.0625,0.0625,,,,,,,,,,,5.949,3.474,22.464,,,
/home/u1120250383/dcs/datasets/IAPS/Dataset/7000.jpg,,,True,no_specialized_skill,no_specialized_skill,[],0,"Ordinary object with no visible actors, stakes, or specialized affective mechanisms.",False,1.0,,,6.0,4.0,0.625,0.375,6.0,4.0,0.625,0.375,,0.0,0.0,,,,,,,,,,,6.109,2.981,0.0,,,
/home/u1120250383/dcs/datasets/IAPS/Dataset/7004.jpg,,,True,no_specialized_skill,no_specialized_skill,[],0,"Ordinary object on wood; no visible actors, stakes, or specialized affective mechanisms.",False,1.0,,,5.0,5.0,0.5,0.5,5.0,5.0,0.5,0.5,,0.0,0.0,,,,,,,,,,,5.116,3.003,0.0,,,
/home/u1120250383/dcs/datasets/IAPS/Dataset/7011.jpg,,,True,no_specialized_skill,no_specialized_skill,[],0,"Ordinary objects, no visible actors, stakes, or specialized affective mechanisms.",False,1.0,,,5.0,5.0,0.5,0.5,5.0,5.0,0.5,0.5,,0.0,0.0,,,,,,,,,,,5.864,2.693,0.0,,,
/home/u1120250383/dcs/datasets/IAPS/Dataset/7016.jpg,,,True,no_specialized_skill,no_specialized_skill,[],0,Ordinary object with no visible affective mechanism beyond neutral utility.,False,1.0,,,5.0,5.0,0.5,0.5,5.0,5.0,0.5,0.5,,0.0,0.0,,,,,,,,,,,5.105,2.794,0.0,,,
/home/u1120250383/dcs/datasets/IAPS/Dataset/7020.jpg,,,True,no_specialized_skill,no_specialized_skill,[],0,"Ordinary object with no visible actors, stakes, or specialized affective mechanisms.",False,1.0,,,5.0,5.0,0.5,0.5,5.0,5.0,0.5,0.5,,0.0,0.0,,,,,,,,,,,6.34,2.965,0.0,,,
/home/u1120250383/dcs/datasets/IAPS/Dataset/7026.jpg,,,True,kaplan-art-restoration,kaplan-art-restoration,"[""kaplan-art-restoration""]",1,Only one candidate skill analysis succeeded; using it as the final score.,True,0.95,,,7.0,4.0,0.75,0.375,6.5,4.0,0.6875,0.375,strong,-0.0625,0.0,,,,,,,,,,,5.205,3.224,21.232,,,
/home/u1120250383/dcs/datasets/IAPS/Dataset/7033.jpg,,,True,no_specialized_skill,no_specialized_skill,[],0,"No specialized affective mechanism visibly dominant; scene is neutral, functional infrastructure.",False,1.0,,,5.0,5.0,0.5,0.5,5.0,5.0,0.5,0.5,,0.0,0.0,,,,,,,,,,,6.139,3.075,0.0,,,
/home/u1120250383/dcs/datasets/IAPS/Dataset/7037.jpg,,,True,no_specialized_skill,no_specialized_skill,[],0,"No specialized affective mechanism visibly dominant; industrial scene lacks direct cues for awe, fear, disgust, or baby schema.",False,1.0,,,5.0,5.0,0.5,0.5,5.0,5.0,0.5,0.5,,0.0,0.0,,,,,,,,,,,6.741,3.022,0.0,,,
/home/u1120250383/dcs/datasets/IAPS/Dataset/7041.jpg,,,True,no_specialized_skill,no_specialized_skill,[],0,"Ordinary wooden baskets, no visible actors, stakes, or specialized affective mechanisms.",False,1.0,,,5.0,5.0,0.5,0.5,5.0,5.0,0.5,0.5,,0.0,0.0,,,,,,,,,,,5.415,2.725,0.0,,,
/home/u1120250383/dcs/datasets/IAPS/Dataset/7045.jpg,,,True,no_specialized_skill,no_specialized_skill,[],0,Neutral object with no visible affective mechanism or context.,False,1.0,,,5.0,5.0,0.5,0.5,5.0,5.0,0.5,0.5,,0.0,0.0,,,,,,,,,,,5.013,2.497,0.0,,,
/home/u1120250383/dcs/datasets/IAPS/Dataset/7053.jpg,,,True,no_specialized_skill,no_specialized_skill,[],0,"Plain glass object, no affective mechanism visible.",False,1.0,,,6.5,5.0,0.6875,0.5,6.5,5.0,0.6875,0.5,,0.0,0.0,,,,,,,,,,,5.475,2.474,0.0,,,
/home/u1120250383/dcs/datasets/IAPS/Dataset/7057.jpg,,,True,cognitive-appraisal,cognitive-appraisal,"[""cognitive-appraisal""]",1,Only one candidate skill analysis succeeded; using it as the final score.,True,0.9,,,5.0,5.0,0.5,0.5,5.0,5.0,0.5,0.5,partial,0.0,0.0,,,,,,,,,,,5.507,3.359,22.493,,,
/home/u1120250383/dcs/datasets/IAPS/Dataset/7061.jpg,,,True,berlyne-arousal-pleasure,berlyne-arousal-pleasure,"[""berlyne-arousal-pleasure""]",1,Only one candidate skill analysis succeeded; using it as the final score.,True,0.95,,,5.0,5.0,0.5,0.5,5.0,5.0,0.5,0.5,strong,0.0,0.0,,,,,,,,,,,5.608,3.441,19.132,,,
/home/u1120250383/dcs/datasets/IAPS/Dataset/7079.jpg,,,True,cognitive-appraisal,cognitive-appraisal,"[""cognitive-appraisal""]",1,Only one candidate skill analysis succeeded; using it as the final score.,True,0.95,,,3.0,6.0,0.25,0.625,2.0,7.0,0.125,0.75,strong,-0.125,0.125,,,,,,,,,,,5.96,3.396,18.521,,,
/home/u1120250383/dcs/datasets/IAPS/Dataset/7092.jpg,,,True,cognitive-appraisal,cognitive-appraisal,"[""cognitive-appraisal""]",1,Only one candidate skill analysis succeeded; using it as the final score.,True,0.9,,,5.0,5.0,0.5,0.5,5.0,5.0,0.5,0.5,partial,0.0,0.0,,,,,,,,,,,4.887,3.357,23.727,,,
/home/u1120250383/dcs/datasets/IAPS/Dataset/7110.jpg,,,True,no_specialized_skill,no_specialized_skill,[],0,Neutral object on plain floor; no visible affective mechanism or context-driven stakes.,False,1.0,,,5.0,5.0,0.5,0.5,5.0,5.0,0.5,0.5,,0.0,0.0,,,,,,,,,,,4.866,3.15,0.0,,,
/home/u1120250383/dcs/datasets/IAPS/Dataset/7137.jpg,,,True,berlyne-arousal-pleasure,berlyne-arousal-pleasure,"[""berlyne-arousal-pleasure""]",1,Only one candidate skill analysis succeeded; using it as the final score.,True,0.95,,,3.0,7.0,0.25,0.75,5.0,7.0,0.5,0.75,strong,0.25,0.0,,,,,,,,,,,8.041,3.595,24.137,,,
/home/u1120250383/dcs/datasets/IAPS/Dataset/7161.jpg,,,True,no_specialized_skill,no_specialized_skill,[],0,"No specialized affective mechanism is visibly dominant; scene is neutral, low-stakes environment.",False,1.0,,,5.0,5.0,0.5,0.5,5.0,5.0,0.5,0.5,,0.0,0.0,,,,,,,,,,,6.828,2.793,0.0,,,
/home/u1120250383/dcs/datasets/IAPS/Dataset/7179.jpg,,,True,berlyne-arousal-pleasure,berlyne-arousal-pleasure,"[""berlyne-arousal-pleasure""]",1,Only one candidate skill analysis succeeded; using it as the final score.,True,0.9,,,5.0,5.0,0.5,0.5,6.0,6.0,0.625,0.625,strong,0.125,0.125,,,,,,,,,,,5.713,3.42,20.335,,,
/home/u1120250383/dcs/datasets/IAPS/Dataset/7184.jpg,,,True,no_specialized_skill,no_specialized_skill,[],0,"No direct affective mechanism visible; abstract, damaged texture with no clear specialized cue.",False,1.0,,,5.0,5.0,0.5,0.5,5.0,5.0,0.5,0.5,,0.0,0.0,,,,,,,,,,,6.503,2.753,0.0,,,
/home/u1120250383/dcs/datasets/IAPS/Dataset/7188.jpg,,,True,berlyne-arousal-pleasure,berlyne-arousal-pleasure,"[""berlyne-arousal-pleasure""]",1,Only one candidate skill analysis succeeded; using it as the final score.,True,0.95,,,5.0,5.0,0.5,0.5,6.0,7.0,0.625,0.75,strong,0.125,0.25,,,,,,,,,,,6.312,3.432,20.596,,,
/home/u1120250383/dcs/datasets/IAPS/Dataset/7200.jpg,,,True,no_specialized_skill,no_specialized_skill,[],0,"Ordinary food item, no visible actors, stakes, or specialized affective mechanisms.",False,1.0,,,7.0,5.0,0.75,0.5,7.0,5.0,0.75,0.5,,0.0,0.0,,,,,,,,,,,5.438,2.713,0.0,,,
/home/u1120250383/dcs/datasets/IAPS/Dataset/7217.jpg,,,True,no_specialized_skill,no_specialized_skill,[],0,No specialized affective mechanism is visibly dominant; ordinary clothes on hooks in neutral setting.,False,1.0,,,5.0,5.0,0.5,0.5,5.0,5.0,0.5,0.5,,0.0,0.0,,,,,,,,,,,4.864,3.018,0.0,,,
/home/u1120250383/dcs/datasets/IAPS/Dataset/7233.jpg,,,True,no_specialized_skill,no_specialized_skill,[],0,"Ordinary decorative plate on table, no visible actors, stakes, or direct affective mechanisms.",False,1.0,,,7.0,4.0,0.75,0.375,7.0,4.0,0.75,0.375,,0.0,0.0,,,,,,,,,,,5.778,2.805,0.0,,,
/home/u1120250383/dcs/datasets/IAPS/Dataset/7237.jpg,,,True,berlyne-arousal-pleasure,berlyne-arousal-pleasure,"[""berlyne-arousal-pleasure""]",1,Only one candidate skill analysis succeeded; using it as the final score.,True,0.98,,,5.0,5.0,0.5,0.5,5.5,7.0,0.5625,0.75,strong,0.0625,0.25,,,,,,,,,,,6.196,3.577,18.796,,,
/home/u1120250383/dcs/datasets/IAPS/Dataset/7247.jpg,,,True,berlyne-arousal-pleasure,berlyne-arousal-pleasure,"[""berlyne-arousal-pleasure""]",1,Only one candidate skill analysis succeeded; using it as the final score.,True,0.9,,,5.0,5.0,0.5,0.5,5.0,5.0,0.5,0.5,strong,0.0,0.0,,,,,,,,,,,5.555,3.397,23.741,,,
/home/u1120250383/dcs/datasets/IAPS/Dataset/7255.jpg,,,True,no_specialized_skill,no_specialized_skill,[],0,Ordinary broken crackers on plain background; no specialized affective mechanism visible.,False,1.0,,,6.0,4.0,0.625,0.375,6.0,4.0,0.625,0.375,,0.0,0.0,,,,,,,,,,,6.737,2.703,0.0,,,
/home/u1120250383/dcs/datasets/IAPS/Dataset/7280.jpg,,,True,no_specialized_skill,no_specialized_skill,[],0,"Still life with wine, no visible actors, stakes, or direct affective mechanisms beyond general pleasantness.",False,1.0,,,7.0,5.0,0.75,0.5,7.0,5.0,0.75,0.5,,0.0,0.0,,,,,,,,,,,5.798,3.176,0.0,,,
/home/u1120250383/dcs/datasets/IAPS/Dataset/7284.jpg,,,True,no_specialized_skill,no_specialized_skill,[],0,"Still life with fruit and jars; no visible actors, threat, novelty, or restorative environment.",False,1.0,,,7.0,5.0,0.75,0.5,7.0,5.0,0.75,0.5,,0.0,0.0,,,,,,,,,,,5.759,2.826,0.0,,,
/home/u1120250383/dcs/datasets/IAPS/Dataset/7289.jpg,,,True,no_specialized_skill,no_specialized_skill,[],0,No specialized affective mechanism is visibly dominant; food presentation lacks direct cues for arousal/valence specialization.,False,1.0,,,7.5,5.5,0.8125,0.5625,7.5,5.5,0.8125,0.5625,,0.0,0.0,,,,,,,,,,,5.996,2.875,0.0,,,
/home/u1120250383/dcs/datasets/IAPS/Dataset/7320.jpg,,,True,no_specialized_skill,no_specialized_skill,[],0,"Still life of fruit with no visible actors, stakes, or specialized affective mechanisms.",False,1.0,,,7.0,5.0,0.75,0.5,7.0,5.0,0.75,0.5,,0.0,0.0,,,,,,,,,,,6.005,2.739,0.0,,,
/home/u1120250383/dcs/datasets/IAPS/Dataset/7350.jpg,,,True,no_specialized_skill,no_specialized_skill,[],0,No specialized affective mechanism is visibly dominant; food image lacks direct cues for arousal/valence via specialized pathways.,False,1.0,,,7.5,6.0,0.8125,0.625,7.5,6.0,0.8125,0.625,,0.0,0.0,,,,,,,,,,,5.43,2.941,0.0,,,
/home/u1120250383/dcs/datasets/IAPS/Dataset/7359.jpg,,,True,pathogen-disgust,pathogen-disgust,"[""pathogen-disgust""]",1,Only one candidate skill analysis succeeded; using it as the final score.,True,0.95,,,3.0,5.0,0.25,0.5,2.0,6.5,0.125,0.6875,strong,-0.125,0.1875,,,,,,,,,,,5.481,3.115,20.032,,,
/home/u1120250383/dcs/datasets/IAPS/Dataset/7380.jpg,,,True,pathogen-disgust,pathogen-disgust,"[""pathogen-disgust""]",1,Only one candidate skill analysis succeeded; using it as the final score.,True,0.99,,,1.5,8.5,0.0625,0.9375,1.5,7.5,0.0625,0.8125,strong,0.0,-0.125,,,,,,,,,,,6.039,3.132,19.142,,,
/home/u1120250383/dcs/datasets/IAPS/Dataset/7405.jpg,,,True,no_specialized_skill,no_specialized_skill,[],0,"Ordinary food product, no visible actors, stakes, or specialized affective mechanisms.",False,1.0,,,8.0,5.0,0.875,0.5,8.0,5.0,0.875,0.5,,0.0,0.0,,,,,,,,,,,6.076,2.722,0.0,,,
/home/u1120250383/dcs/datasets/IAPS/Dataset/7450.jpg,,,True,no_specialized_skill,no_specialized_skill,[],0,"Ordinary food product with no visible threat, contamination, novelty, or context-driven stakes.",False,1.0,,,7.0,6.0,0.75,0.625,7.0,6.0,0.75,0.625,,0.0,0.0,,,,,,,,,,,6.715,3.295,0.0,,,
/home/u1120250383/dcs/datasets/IAPS/Dataset/7470.jpg,,,True,berlyne-arousal-pleasure,berlyne-arousal-pleasure,"[""berlyne-arousal-pleasure""]",1,Only one candidate skill analysis succeeded; using it as the final score.,True,0.95,,,8.0,6.0,0.875,0.625,8.0,7.0,0.875,0.75,strong,0.0,0.125,,,,,,,,,,,6.049,3.553,20.825,,,
/home/u1120250383/dcs/datasets/IAPS/Dataset/7477.jpg,,,True,berlyne-arousal-pleasure,berlyne-arousal-pleasure,"[""berlyne-arousal-pleasure""]",1,Only one candidate skill analysis succeeded; using it as the final score.,True,0.95,,,8.0,6.0,0.875,0.625,7.5,6.5,0.8125,0.6875,strong,-0.0625,0.0625,,,,,,,,,,,6.657,3.633,22.294,,,
/home/u1120250383/dcs/datasets/IAPS/Dataset/7484.jpg,,,True,no_specialized_skill,no_specialized_skill,[],0,No specialized affective mechanism visibly dominant; food presentation lacks direct cues for arousal/valence specialization.,False,1.0,,,7.0,6.0,0.75,0.625,7.0,6.0,0.75,0.625,,0.0,0.0,,,,,,,,,,,5.253,2.834,0.0,,,
/home/u1120250383/dcs/datasets/IAPS/Dataset/7490.jpg,,,True,no_specialized_skill,no_specialized_skill,[],0,No specialized affective mechanism is visibly dominant; scene is neutral and lacks direct cues for arousal or valence.,False,1.0,,,5.0,5.0,0.5,0.5,5.0,5.0,0.5,0.5,,0.0,0.0,,,,,,,,,,,5.33,2.902,0.0,,,
/home/u1120250383/dcs/datasets/IAPS/Dataset/7495.jpg,,,True,kaplan-art-restoration,kaplan-art-restoration,"[""kaplan-art-restoration""]",1,Only one candidate skill analysis succeeded; using it as the final score.,True,0.9,,,6.0,5.0,0.625,0.5,6.0,5.0,0.625,0.5,strong,0.0,0.0,,,,,,,,,,,6.004,3.226,19.938,,,
/home/u1120250383/dcs/datasets/IAPS/Dataset/7500.jpg,,,True,no_specialized_skill,no_specialized_skill,[],0,No specialized affective mechanism visibly dominant; urban architecture with neutral context.,False,1.0,,,5.0,5.0,0.5,0.5,5.0,5.0,0.5,0.5,,0.0,0.0,,,,,,,,,,,6.573,2.599,0.0,,,
/home/u1120250383/dcs/datasets/IAPS/Dataset/7504.jpg,,,True,berlyne-arousal-pleasure,berlyne-arousal-pleasure,"[""berlyne-arousal-pleasure""]",1,Only one candidate skill analysis succeeded; using it as the final score.,True,0.9,,,5.0,5.0,0.5,0.5,6.0,7.0,0.625,0.75,strong,0.125,0.25,,,,,,,,,,,5.621,3.557,20.103,,,
/home/u1120250383/dcs/datasets/IAPS/Dataset/7508.jpg,,,True,berlyne-arousal-pleasure,berlyne-arousal-pleasure,"[""berlyne-arousal-pleasure""]",1,Only one candidate skill analysis succeeded; using it as the final score.,True,0.95,,,7.0,7.0,0.75,0.75,7.0,7.0,0.75,0.75,strong,0.0,0.0,,,,,,,,,,,5.595,3.444,17.606,,,
/home/u1120250383/dcs/datasets/IAPS/Dataset/7513.jpg,,,True,no_specialized_skill,no_specialized_skill,[],0,No specialized affective mechanism is visibly dominant; hands engaged in craft with no clear arousal/valence cue beyond neutral activity.,False,1.0,,,6.5,4.5,0.6875,0.4375,6.5,4.5,0.6875,0.4375,,0.0,0.0,,,,,,,,,,,5.395,3.03,0.0,,,
/home/u1120250383/dcs/datasets/IAPS/Dataset/7530.jpg,,,True,kaplan-art-restoration,kaplan-art-restoration,"[""kaplan-art-restoration""]",1,Only one candidate skill analysis succeeded; using it as the final score.,True,0.95,,,7.0,5.0,0.75,0.5,7.0,4.0,0.75,0.375,strong,0.0,-0.125,,,,,,,,,,,5.669,3.331,22.301,,,
/home/u1120250383/dcs/datasets/IAPS/Dataset/7550.jpg,,,True,cognitive-appraisal,cognitive-appraisal,"[""cognitive-appraisal""]",1,Only one candidate skill analysis succeeded; using it as the final score.,True,0.9,,,5.0,5.0,0.5,0.5,5.0,5.0,0.5,0.5,partial,0.0,0.0,,,,,,,,,,,5.371,3.298,19.111,,,
/home/u1120250383/dcs/datasets/IAPS/Dataset/7590.jpg,,,True,cognitive-appraisal,cognitive-appraisal,"[""cognitive-appraisal""]",1,Only one candidate skill analysis succeeded; using it as the final score.,True,0.9,,,4.5,6.5,0.4375,0.6875,3.5,7.0,0.3125,0.75,strong,-0.125,0.0625,,,,,,,,,,,6.427,3.373,20.558,,,
/home/u1120250383/dcs/datasets/IAPS/Dataset/7632.jpg,,,True,cognitive-appraisal,cognitive-appraisal,"[""cognitive-appraisal""]",1,Only one candidate skill analysis succeeded; using it as the final score.,True,0.9,,,5.0,5.0,0.5,0.5,5.0,5.0,0.5,0.5,partial,0.0,0.0,,,,,,,,,,,6.293,3.213,18.736,,,
/home/u1120250383/dcs/datasets/IAPS/Dataset/7700.jpg,,,True,cognitive-appraisal,cognitive-appraisal,"[""cognitive-appraisal""]",1,Only one candidate skill analysis succeeded; using it as the final score.,True,0.9,,,4.0,5.0,0.375,0.5,3.5,6.5,0.3125,0.6875,partial,-0.0625,0.1875,,,,,,,,,,,6.832,3.469,23.444,,,
/home/u1120250383/dcs/datasets/IAPS/Dataset/7830.jpg,,,True,berlyne-arousal-pleasure,berlyne-arousal-pleasure,"[""berlyne-arousal-pleasure""]",1,Only one candidate skill analysis succeeded; using it as the final score.,True,0.95,,,6.0,5.0,0.625,0.5,6.0,6.0,0.625,0.625,strong,0.0,0.125,,,,,,,,,,,5.728,3.496,16.922,,,
/home/u1120250383/dcs/datasets/IAPS/Dataset/8001.jpg,,,True,cognitive-appraisal,cognitive-appraisal,"[""cognitive-appraisal"", ""emotional-body-language""]",2,"The scene involves clear goal conflict and agency, which are core to cognitive-appraisal. The emotional-body-language analysis, while plausible, misrepresents the valence as 'neutral' and assigns an implausibly high arousal score (7.5) without accounting for the ambiguous outcome and lack of emotional cues. The cognitive-appraisal analysis correctly identifies the scene as high-arousal due to urgency and coping demand, with neutral valence due to ambiguous outcome, which is more psychologically grounded.",False,0.95,,,6.0,8.0,0.625,0.875,5.0,7.0,0.5,0.75,strong,-0.125,-0.125,,,,,,,,,,,6.172,3.34,25.334,,,
/home/u1120250383/dcs/datasets/IAPS/Dataset/8031.jpg,,,True,cognitive-appraisal,cognitive-appraisal,"[""cognitive-appraisal""]",1,Only one candidate skill analysis succeeded; using it as the final score.,True,0.95,,,6.0,8.0,0.625,0.875,6.0,8.0,0.625,0.875,strong,0.0,0.0,,,,,,,,,,,6.928,3.241,20.955,,,
/home/u1120250383/dcs/datasets/IAPS/Dataset/8040.jpg,,,True,cognitive-appraisal,cognitive-appraisal,"[""cognitive-appraisal""]",1,Only one candidate skill analysis succeeded; using it as the final score.,True,0.95,,,5.0,7.0,0.5,0.75,5.0,5.0,0.5,0.5,strong,0.0,-0.25,,,,,,,,,,,7.302,3.541,20.948,,,
/home/u1120250383/dcs/datasets/IAPS/Dataset/8065.jpg,,,True,cognitive-appraisal,emotional-body-language,"[""cognitive-appraisal"", ""emotional-body-language""]",2,"The body language of the fighters—rigid posture, explosive motion, and defensive stance—directly and unambiguously conveys high arousal without requiring inference about the cognitive appraisal of stakes or goals. The 'cognitive-appraisal' analysis introduces constructs like 'goal incongruence' and 'urgency' that are not directly observable from the image alone and are more abstract. The 'emotional-body-language' analysis is more grounded in visible, immediate physical cues, making it more appropriate for this visual affect analysis task.",False,0.99,,,5.0,8.0,0.5,0.875,5.0,8.0,0.5,0.875,strong,0.0,0.0,,,,,,,,,,,6.424,3.239,19.534,,,
/home/u1120250383/dcs/datasets/IAPS/Dataset/8117.jpg,,,True,cognitive-appraisal,cognitive-appraisal,"[""cognitive-appraisal""]",1,Only one candidate skill analysis succeeded; using it as the final score.,True,0.99,,,5.0,8.0,0.5,0.875,5.0,8.0,0.5,0.875,strong,0.0,0.0,,,,,,,,,,,8.428,3.32,23.486,,,
/home/u1120250383/dcs/datasets/IAPS/Dataset/8130.jpg,,,True,cognitive-appraisal,cognitive-appraisal,"[""cognitive-appraisal""]",1,Only one candidate skill analysis succeeded; using it as the final score.,True,0.95,,,6.5,8.5,0.6875,0.9375,7.0,8.0,0.75,0.875,strong,0.0625,-0.0625,,,,,,,,,,,7.737,3.535,20.697,,,
/home/u1120250383/dcs/datasets/IAPS/Dataset/8162.jpg,,,True,berlyne-arousal-pleasure,berlyne-arousal-pleasure,"[""berlyne-arousal-pleasure""]",1,Only one candidate skill analysis succeeded; using it as the final score.,True,0.95,,,7.0,6.0,0.75,0.625,7.5,7.0,0.8125,0.75,strong,0.0625,0.125,,,,,,,,,,,5.583,3.536,21.422,,,
/home/u1120250383/dcs/datasets/IAPS/Dataset/8179.jpg,,,True,cognitive-appraisal,emotional-body-language,"[""cognitive-appraisal"", ""emotional-body-language""]",2,"The image provides clear, unambiguous visual evidence of the person's body posture and physical state, which directly informs emotional state. The arms outstretched and legs extended downward indicate high arousal and active engagement, while the context of bungee jumping implies negative valence. The cognitive-appraisal analysis overemphasizes the risk and consequences, which are not directly observable emotional states, and misrepresents the valence as low without accounting for the potential thrill or excitement. The body-language analysis correctly interprets the posture as high-energy and controlled, aligning with the visible evidence.",False,0.95,,,5.0,8.0,0.5,0.875,3.5,8.0,0.3125,0.875,strong,-0.1875,0.0,,,,,,,,,,,8.345,3.427,20.992,,,
/home/u1120250383/dcs/datasets/IAPS/Dataset/8190.jpg,,,True,awe,awe,"[""awe""]",1,Only one candidate skill analysis succeeded; using it as the final score.,True,0.95,,,6.0,6.0,0.625,0.625,6.5,6.5,0.6875,0.6875,strong,0.0625,0.0625,,,,,,,,,,,6.693,3.053,21.457,,,
/home/u1120250383/dcs/datasets/IAPS/Dataset/8200.jpg,,,True,emotional-body-language,emotional-body-language,"[""emotional-body-language""]",1,Only one candidate skill analysis succeeded; using it as the final score.,True,0.95,,,7.0,8.0,0.75,0.875,7.0,8.5,0.75,0.9375,strong,0.0,0.0625,,,,,,,,,,,6.531,3.532,18.132,,,
/home/u1120250383/dcs/datasets/IAPS/Dataset/8210.jpg,,,True,cognitive-appraisal,cognitive-appraisal,"[""cognitive-appraisal""]",1,Only one candidate skill analysis succeeded; using it as the final score.,True,0.95,,,7.0,8.0,0.75,0.875,6.5,7.5,0.6875,0.8125,strong,-0.0625,-0.0625,,,,,,,,,,,5.962,3.361,23.588,,,
/home/u1120250383/dcs/datasets/IAPS/Dataset/8231.jpg,,,True,pathogen-disgust,pathogen-disgust,"[""pathogen-disgust"", ""cognitive-appraisal""]",2,"The image's primary psychological driver is the visceral contamination from visible blood and wounds, which directly activates the pathogen-disgust system. While cognitive-appraisal is applicable, the pathogen-disgust skill is more specific to the biological threat cues (blood, wounds) that dominate the visual field and are the most salient and unambiguous triggers for disgust. The cognitive-appraisal analysis, while valid, is broader and less precisely scoped to the image's most potent psychological cue.",False,0.98,,,3.0,8.0,0.25,0.875,2.0,7.5,0.125,0.8125,strong,-0.125,-0.0625,,,,,,,,,,,7.049,3.474,18.958,,,
/home/u1120250383/dcs/datasets/IAPS/Dataset/8251.jpg,,,True,emotional-body-language,emotional-body-language,"[""emotional-body-language""]",1,Only one candidate skill analysis succeeded; using it as the final score.,True,0.9,,,6.0,7.0,0.625,0.75,6.5,7.5,0.6875,0.8125,strong,0.0625,0.0625,,,,,,,,,,,6.901,3.403,18.034,,,
/home/u1120250383/dcs/datasets/IAPS/Dataset/8311.jpg,,,True,cognitive-appraisal,emotional-body-language,"[""cognitive-appraisal"", ""emotional-body-language""]",2,"The golfer's body posture and the dynamic action of the swing are clearly visible and directly convey high arousal and positive valence through muscular tension, explosive force, and assertive engagement. While cognitive-appraisal is applicable, the body-language skill provides a more direct and visually grounded analysis of the affective state based on observable physical cues.",False,0.9,,,6.5,7.0,0.6875,0.75,6.0,7.5,0.625,0.8125,strong,-0.0625,0.0625,,,,,,,,,,,5.796,3.325,18.627,,,
/home/u1120250383/dcs/datasets/IAPS/Dataset/8330.jpg,,,True,cognitive-appraisal,cognitive-appraisal,"[""cognitive-appraisal""]",1,Only one candidate skill analysis succeeded; using it as the final score.,True,0.99,,,8.0,6.0,0.875,0.625,8.0,6.0,0.875,0.625,strong,0.0,0.0,,,,,,,,,,,5.77,3.325,22.225,,,
/home/u1120250383/dcs/datasets/IAPS/Dataset/8370.jpg,,,True,cognitive-appraisal,cognitive-appraisal,"[""cognitive-appraisal""]",1,Only one candidate skill analysis succeeded; using it as the final score.,True,0.99,,,5.0,8.0,0.5,0.875,5.0,8.0,0.5,0.875,strong,0.0,0.0,,,,,,,,,,,7.591,3.387,25.779,,,
/home/u1120250383/dcs/datasets/IAPS/Dataset/8420.jpg,,,True,kaplan-art-restoration,kaplan-art-restoration,"[""kaplan-art-restoration""]",1,Only one candidate skill analysis succeeded; using it as the final score.,True,0.9,,,7.0,6.0,0.75,0.625,6.5,5.5,0.6875,0.5625,partial,-0.0625,-0.0625,,,,,,,,,,,5.37,3.262,22.875,,,
/home/u1120250383/dcs/datasets/IAPS/Dataset/8466.jpg,,,True,cognitive-appraisal,cognitive-appraisal,"[""cognitive-appraisal""]",1,Only one candidate skill analysis succeeded; using it as the final score.,True,0.9,,,5.0,5.0,0.5,0.5,5.0,5.0,0.5,0.5,partial,0.0,0.0,,,,,,,,,,,5.936,3.22,23.901,,,
/home/u1120250383/dcs/datasets/IAPS/Dataset/8480.jpg,,,True,cognitive-appraisal,cognitive-appraisal,"[""cognitive-appraisal""]",1,Only one candidate skill analysis succeeded; using it as the final score.,True,0.99,,,3.0,8.5,0.25,0.9375,2.0,8.5,0.125,0.9375,strong,-0.125,0.0,,,,,,,,,,,6.526,3.28,24.074,,,
/home/u1120250383/dcs/datasets/IAPS/Dataset/8496.jpg,,,True,cognitive-appraisal,cognitive-appraisal,"[""cognitive-appraisal""]",1,Only one candidate skill analysis succeeded; using it as the final score.,True,0.99,,,8.0,8.0,0.875,0.875,8.0,8.0,0.875,0.875,strong,0.0,0.0,,,,,,,,,,,5.852,3.406,21.345,,,
/home/u1120250383/dcs/datasets/IAPS/Dataset/8501.jpg,,,True,berlyne-arousal-pleasure,berlyne-arousal-pleasure,"[""berlyne-arousal-pleasure""]",1,Only one candidate skill analysis succeeded; using it as the final score.,True,0.95,,,6.5,6.0,0.6875,0.625,6.0,7.0,0.625,0.75,strong,-0.0625,0.125,,,,,,,,,,,5.941,3.55,19.022,,,
/home/u1120250383/dcs/datasets/IAPS/Dataset/8531.jpg,,,True,berlyne-arousal-pleasure,berlyne-arousal-pleasure,"[""berlyne-arousal-pleasure""]",1,Only one candidate skill analysis succeeded; using it as the final score.,True,0.95,,,7.5,6.5,0.8125,0.6875,7.5,6.5,0.8125,0.6875,strong,0.0,0.0,,,,,,,,,,,5.972,3.697,19.108,,,
/home/u1120250383/dcs/datasets/IAPS/Dataset/9000.jpg,,,True,cognitive-appraisal,cognitive-appraisal,"[""cognitive-appraisal""]",1,Only one candidate skill analysis succeeded; using it as the final score.,True,0.9,,,3.0,4.0,0.25,0.375,2.5,6.5,0.1875,0.6875,strong,-0.0625,0.3125,,,,,,,,,,,6.299,3.228,22.709,,,
/home/u1120250383/dcs/datasets/IAPS/Dataset/9006.jpg,,,True,cognitive-appraisal,cognitive-appraisal,"[""cognitive-appraisal""]",1,Only one candidate skill analysis succeeded; using it as the final score.,True,0.99,,,2.0,6.0,0.125,0.625,2.0,7.0,0.125,0.75,strong,0.0,0.125,,,,,,,,,,,7.37,3.264,26.775,,,
/home/u1120250383/dcs/datasets/IAPS/Dataset/9031.jpg,,,True,pathogen-disgust,pathogen-disgust,"[""pathogen-disgust""]",1,Only one candidate skill analysis succeeded; using it as the final score.,True,0.98,,,3.0,6.0,0.25,0.625,2.5,6.5,0.1875,0.6875,strong,-0.0625,0.0625,,,,,,,,,,,6.674,3.486,20.834,,,
/home/u1120250383/dcs/datasets/IAPS/Dataset/9043.jpg,,,True,pathogen-disgust,pathogen-disgust,"[""pathogen-disgust""]",1,Only one candidate skill analysis succeeded; using it as the final score.,True,0.95,,,3.0,5.0,0.25,0.5,2.0,6.5,0.125,0.6875,strong,-0.125,0.1875,,,,,,,,,,,7.675,3.078,19.145,,,
/home/u1120250383/dcs/datasets/IAPS/Dataset/9070.jpg,,,True,cognitive-appraisal,cognitive-appraisal,"[""cognitive-appraisal""]",1,Only one candidate skill analysis succeeded; using it as the final score.,True,0.8,,,5.0,5.0,0.5,0.5,5.0,5.0,0.5,0.5,partial,0.0,0.0,,,,,,,,,,,4.844,3.247,17.875,,,
/home/u1120250383/dcs/datasets/IAPS/Dataset/9101.jpg,,,True,cognitive-appraisal,cognitive-appraisal,"[""cognitive-appraisal""]",1,Only one candidate skill analysis succeeded; using it as the final score.,True,0.99,,,2.0,6.0,0.125,0.625,2.0,8.0,0.125,0.875,strong,0.0,0.25,,,,,,,,,,,5.243,3.291,20.648,,,
/home/u1120250383/dcs/datasets/IAPS/Dataset/9140.jpg,,,True,pathogen-disgust,pathogen-disgust,"[""pathogen-disgust""]",1,Only one candidate skill analysis succeeded; using it as the final score.,True,0.99,,,1.0,5.0,0.0,0.5,1.5,7.0,0.0625,0.75,strong,0.0625,0.25,,,,,,,,,,,5.349,3.057,21.353,,,
/home/u1120250383/dcs/datasets/IAPS/Dataset/9160.jpg,,,True,cognitive-appraisal,cognitive-appraisal,"[""cognitive-appraisal""]",1,Only one candidate skill analysis succeeded; using it as the final score.,True,0.95,,,4.5,6.0,0.4375,0.625,3.5,7.0,0.3125,0.75,strong,-0.125,0.125,,,,,,,,,,,6.109,3.176,22.47,,,
/home/u1120250383/dcs/datasets/IAPS/Dataset/9181.jpg,,,True,pathogen-disgust,pathogen-disgust,"[""pathogen-disgust""]",1,Only one candidate skill analysis succeeded; using it as the final score.,True,0.99,,,1.0,5.0,0.0,0.5,1.5,7.5,0.0625,0.8125,strong,0.0625,0.3125,,,,,,,,,,,6.484,3.268,21.167,,,
/home/u1120250383/dcs/datasets/IAPS/Dataset/9185.jpg,,,True,pathogen-disgust,pathogen-disgust,"[""pathogen-disgust""]",1,Only one candidate skill analysis succeeded; using it as the final score.,True,0.98,,,1.0,3.0,0.0,0.25,2.0,5.5,0.125,0.5625,strong,0.125,0.3125,,,,,,,,,,,5.43,3.292,19.477,,,
/home/u1120250383/dcs/datasets/IAPS/Dataset/9210.jpg,,,True,cognitive-appraisal,cognitive-appraisal,"[""cognitive-appraisal""]",1,Only one candidate skill analysis succeeded; using it as the final score.,True,0.8,,,4.5,4.5,0.4375,0.4375,4.0,5.0,0.375,0.5,partial,-0.0625,0.0625,,,,,,,,,,,5.382,3.687,23.877,,,
/home/u1120250383/dcs/datasets/IAPS/Dataset/9252.jpg,,,True,cognitive-appraisal,cognitive-appraisal,"[""cognitive-appraisal""]",1,Only one candidate skill analysis succeeded; using it as the final score.,True,0.99,,,1.0,9.0,0.0,1.0,1.5,8.5,0.0625,0.9375,strong,0.0625,-0.0625,,,,,,,,,,,5.656,3.349,25.835,,,
/home/u1120250383/dcs/datasets/IAPS/Dataset/9265.jpg,,,True,cognitive-appraisal,cognitive-appraisal,"[""cognitive-appraisal""]",1,Only one candidate skill analysis succeeded; using it as the final score.,True,0.95,,,2.0,6.0,0.125,0.625,2.0,7.0,0.125,0.75,strong,0.0,0.125,,,,,,,,,,,5.733,3.401,24.439,,,
/home/u1120250383/dcs/datasets/IAPS/Dataset/9291.jpg,,,True,pathogen-disgust,pathogen-disgust,"[""pathogen-disgust""]",1,Only one candidate skill analysis succeeded; using it as the final score.,True,0.99,,,2.0,4.0,0.125,0.375,2.0,6.0,0.125,0.625,strong,0.0,0.25,,,,,,,,,,,5.935,3.17,22.271,,,
/home/u1120250383/dcs/datasets/IAPS/Dataset/9302.jpg,,,True,pathogen-disgust,pathogen-disgust,"[""pathogen-disgust""]",1,Only one candidate skill analysis succeeded; using it as the final score.,True,0.99,,,2.0,5.0,0.125,0.5,2.0,6.0,0.125,0.625,strong,0.0,0.125,,,,,,,,,,,4.812,3.156,16.63,,,
/home/u1120250383/dcs/datasets/IAPS/Dataset/9325.jpg,,,True,pathogen-disgust,pathogen-disgust,"[""pathogen-disgust""]",1,Only one candidate skill analysis succeeded; using it as the final score.,True,0.99,,,1.0,9.0,0.0,1.0,1.5,7.5,0.0625,0.8125,strong,0.0625,-0.1875,,,,,,,,,,,5.73,3.236,20.445,,,
/home/u1120250383/dcs/datasets/IAPS/Dataset/9332.jpg,,,True,cognitive-appraisal,cognitive-appraisal,"[""cognitive-appraisal""]",1,Only one candidate skill analysis succeeded; using it as the final score.,True,0.98,,,3.0,6.0,0.25,0.625,2.5,7.0,0.1875,0.75,strong,-0.0625,0.125,,,,,,,,,,,6.507,3.325,17.786,,,
/home/u1120250383/dcs/datasets/IAPS/Dataset/9360.jpg,,,True,no_specialized_skill,no_specialized_skill,[],0,No direct affective mechanism visible; decayed pool lacks clear specialized cue.,False,0.99,,,3.0,4.0,0.25,0.375,3.0,4.0,0.25,0.375,,0.0,0.0,,,,,,,,,,,6.252,3.106,0.0,,,
/home/u1120250383/dcs/datasets/IAPS/Dataset/9400.jpg,,,True,cognitive-appraisal,cognitive-appraisal,"[""cognitive-appraisal""]",1,Only one candidate skill analysis succeeded; using it as the final score.,True,0.98,,,2.0,8.0,0.125,0.875,2.0,8.0,0.125,0.875,strong,0.0,0.0,,,,,,,,,,,5.727,3.281,24.72,,,
/home/u1120250383/dcs/datasets/IAPS/Dataset/9404.jpg,,,True,cognitive-appraisal,cognitive-appraisal,"[""cognitive-appraisal""]",1,Only one candidate skill analysis succeeded; using it as the final score.,True,0.98,,,3.0,7.0,0.25,0.75,3.0,7.5,0.25,0.8125,strong,0.0,0.0625,,,,,,,,,,,6.31,3.089,21.079,,,
/home/u1120250383/dcs/datasets/IAPS/Dataset/9411.jpg,,,True,cognitive-appraisal,cognitive-appraisal,"[""cognitive-appraisal""]",1,Only one candidate skill analysis succeeded; using it as the final score.,True,0.98,,,4.0,7.0,0.375,0.75,3.5,7.5,0.3125,0.8125,strong,-0.0625,0.0625,,,,,,,,,,,6.245,3.145,25.381,,,
/home/u1120250383/dcs/datasets/IAPS/Dataset/9415.jpg,,,True,cognitive-appraisal,cognitive-appraisal,"[""cognitive-appraisal""]",1,Only one candidate skill analysis succeeded; using it as the final score.,True,0.98,,,3.0,6.0,0.25,0.625,3.0,7.0,0.25,0.75,strong,0.0,0.125,,,,,,,,,,,5.801,3.438,22.077,,,
/home/u1120250383/dcs/datasets/IAPS/Dataset/9421.jpg,,,True,cognitive-appraisal,cognitive-appraisal,"[""cognitive-appraisal""]",1,Only one candidate skill analysis succeeded; using it as the final score.,True,0.99,,,2.0,8.0,0.125,0.875,2.0,8.0,0.125,0.875,strong,0.0,0.0,,,,,,,,,,,5.882,3.428,21.936,,,
/home/u1120250383/dcs/datasets/IAPS/Dataset/9425.jpg,,,True,cognitive-appraisal,cognitive-appraisal,"[""cognitive-appraisal""]",1,Only one candidate skill analysis succeeded; using it as the final score.,True,0.99,,,3.0,8.0,0.25,0.875,3.0,8.0,0.25,0.875,strong,0.0,0.0,,,,,,,,,,,5.277,3.384,21.657,,,
/home/u1120250383/dcs/datasets/IAPS/Dataset/9429.jpg,,,True,cognitive-appraisal,cognitive-appraisal,"[""cognitive-appraisal""]",1,Only one candidate skill analysis succeeded; using it as the final score.,True,0.99,,,2.0,8.0,0.125,0.875,2.0,8.5,0.125,0.9375,strong,0.0,0.0625,,,,,,,,,,,5.953,3.322,24.107,,,
/home/u1120250383/dcs/datasets/IAPS/Dataset/9435.jpg,,,True,cognitive-appraisal,cognitive-appraisal,"[""cognitive-appraisal""]",1,Only one candidate skill analysis succeeded; using it as the final score.,True,0.99,,,2.0,8.0,0.125,0.875,2.0,8.5,0.125,0.9375,strong,0.0,0.0625,,,,,,,,,,,6.162,3.291,23.469,,,
/home/u1120250383/dcs/datasets/IAPS/Dataset/9468.jpg,,,True,cognitive-appraisal,cognitive-appraisal,"[""cognitive-appraisal""]",1,Only one candidate skill analysis succeeded; using it as the final score.,True,0.9,,,3.0,7.0,0.25,0.75,3.0,7.0,0.25,0.75,strong,0.0,0.0,,,,,,,,,,,6.614,3.632,20.166,,,
/home/u1120250383/dcs/datasets/IAPS/Dataset/9472.jpg,,,True,cognitive-appraisal,cognitive-appraisal,"[""cognitive-appraisal""]",1,Only one candidate skill analysis succeeded; using it as the final score.,True,0.95,,,3.0,6.0,0.25,0.625,3.0,7.0,0.25,0.75,strong,0.0,0.125,,,,,,,,,,,5.989,3.315,20.141,,,
/home/u1120250383/dcs/datasets/IAPS/Dataset/9495.jpg,,,True,cognitive-appraisal,cognitive-appraisal,"[""cognitive-appraisal""]",1,Only one candidate skill analysis succeeded; using it as the final score.,True,0.98,,,2.0,8.0,0.125,0.875,1.5,8.5,0.0625,0.9375,strong,-0.0625,0.0625,,,,,,,,,,,5.729,3.511,25.389,,,
/home/u1120250383/dcs/datasets/IAPS/Dataset/9560.jpg,,,True,pathogen-disgust,pathogen-disgust,"[""pathogen-disgust""]",1,Only one candidate skill analysis succeeded; using it as the final score.,True,0.99,,,2.0,6.0,0.125,0.625,2.0,6.5,0.125,0.6875,strong,0.0,0.0625,,,,,,,,,,,6.466,3.353,20.444,,,
/home/u1120250383/dcs/datasets/IAPS/Dataset/9582.jpg,,,True,cognitive-appraisal,cognitive-appraisal,"[""cognitive-appraisal""]",1,Only one candidate skill analysis succeeded; using it as the final score.,True,0.9,,,4.0,6.0,0.375,0.625,4.5,6.5,0.4375,0.6875,partial,0.0625,0.0625,,,,,,,,,,,5.98,3.454,20.602,,,
/home/u1120250383/dcs/datasets/IAPS/Dataset/9594.jpg,,,True,cognitive-appraisal,cognitive-appraisal,"[""cognitive-appraisal""]",1,Only one candidate skill analysis succeeded; using it as the final score.,True,0.99,,,5.0,5.0,0.5,0.5,5.0,5.0,0.5,0.5,strong,0.0,0.0,,,,,,,,,,,5.442,3.143,19.381,,,
/home/u1120250383/dcs/datasets/IAPS/Dataset/9610.jpg,,,True,pathogen-disgust,pathogen-disgust,"[""pathogen-disgust""]",1,Only one candidate skill analysis succeeded; using it as the final score.,True,0.95,,,2.0,7.0,0.125,0.75,2.0,6.5,0.125,0.6875,strong,0.0,-0.0625,,,,,,,,,,,5.382,3.36,20.406,,,
/home/u1120250383/dcs/datasets/IAPS/Dataset/9622.jpg,,,True,cognitive-appraisal,cognitive-appraisal,"[""cognitive-appraisal""]",1,Only one candidate skill analysis succeeded; using it as the final score.,True,0.99,,,3.0,8.0,0.25,0.875,2.0,9.0,0.125,1.0,strong,-0.125,0.125,,,,,,,,,,,5.863,3.375,21.985,,,
/home/u1120250383/dcs/datasets/IAPS/Dataset/9636.jpg,,,True,cognitive-appraisal,cognitive-appraisal,"[""cognitive-appraisal""]",1,Only one candidate skill analysis succeeded; using it as the final score.,True,0.9,,,3.0,8.0,0.25,0.875,4.0,7.5,0.375,0.8125,strong,0.125,-0.0625,,,,,,,,,,,6.389,3.098,27.384,,,
/home/u1120250383/dcs/datasets/IAPS/Dataset/9830.jpg,,,True,pathogen-disgust,pathogen-disgust,"[""pathogen-disgust""]",1,Only one candidate skill analysis succeeded; using it as the final score.,True,0.98,,,2.0,4.0,0.125,0.375,2.0,6.0,0.125,0.625,strong,0.0,0.25,,,,,,,,,,,6.08,3.317,19.129,,,
/home/u1120250383/dcs/datasets/IAPS/Dataset/9901.jpg,,,True,cognitive-appraisal,cognitive-appraisal,"[""cognitive-appraisal""]",1,Only one candidate skill analysis succeeded; using it as the final score.,True,0.98,,,2.0,7.0,0.125,0.75,2.5,8.0,0.1875,0.875,strong,0.0625,0.125,,,,,,,,,,,5.513,3.298,20.949,,,
/home/u1120250383/dcs/datasets/IAPS/Dataset/9905.jpg,,,True,cognitive-appraisal,cognitive-appraisal,"[""cognitive-appraisal""]",1,Only one candidate skill analysis succeeded; using it as the final score.,True,0.99,,,3.0,7.0,0.25,0.75,3.5,7.5,0.3125,0.8125,strong,0.0625,0.0625,,,,,,,,,,,6.616,3.361,22.145,,,
/home/u1120250383/dcs/datasets/IAPS/Dataset/9911.jpg,,,True,cognitive-appraisal,cognitive-appraisal,"[""cognitive-appraisal""]",1,Only one candidate skill analysis succeeded; using it as the final score.,True,0.99,,,2.0,7.0,0.125,0.75,2.5,8.0,0.1875,0.875,strong,0.0625,0.125,,,,,,,,,,,5.48,3.282,25.206,,,
/home/u1120250383/dcs/datasets/IAPS/Dataset/9921.jpg,,,True,cognitive-appraisal,cognitive-appraisal,"[""cognitive-appraisal""]",1,Only one candidate skill analysis succeeded; using it as the final score.,True,0.99,,,3.0,8.0,0.25,0.875,3.0,8.0,0.25,0.875,strong,0.0,0.0,,,,,,,,,,,6.883,3.363,20.875,,,
/home/u1120250383/dcs/datasets/IAPS/Dataset/9927.jpg,,,True,cognitive-appraisal,cognitive-appraisal,"[""cognitive-appraisal""]",1,Only one candidate skill analysis succeeded; using it as the final score.,True,0.9,,,5.0,5.0,0.5,0.5,5.0,5.0,0.5,0.5,partial,0.0,0.0,,,,,,,,,,,5.145,3.225,23.239,,,
